orderName,orderId,created_at,fulfilled_at
#157417,2038791241846,2020-02-19 15:11:44-06:00,2020-02-19 15:22:05-06:00
#157416,2038734094454,2020-02-19 14:31:37-06:00,2020-02-19 14:47:06-06:00
#157415,2038695985270,2020-02-19 14:06:01-06:00,2020-02-19 15:37:05-06:00
#157414,2038686122102,2020-02-19 13:59:05-06:00,2020-02-19 15:47:05-06:00
#157411,2038646014070,2020-02-19 13:29:10-06:00,2020-02-19 15:57:06-06:00
#157410,2038624682102,2020-02-19 13:13:06-06:00,2020-02-19 13:27:07-06:00
#157409,2038623699062,2020-02-19 13:12:19-06:00,2020-02-19 13:42:06-06:00
#157408,2038622027894,2020-02-19 13:10:51-06:00,2020-02-19 14:07:11-06:00
#157406,2038609018998,2020-02-19 13:01:04-06:00,2020-02-19 14:07:11-06:00
#157402,2038572875894,2020-02-19 12:33:28-06:00,2020-02-19 12:42:05-06:00
#157401,2038500753526,2020-02-19 11:35:44-06:00,2020-02-19 11:47:06-06:00
#157400,2038495838326,2020-02-19 11:31:37-06:00,2020-02-19 11:57:06-06:00
#157399,2038463758454,2020-02-19 11:06:39-06:00,2020-02-19 12:52:05-06:00
#157398,2038454222966,2020-02-19 10:58:57-06:00,2020-02-19 15:47:05-06:00
#157397,2038445310070,2020-02-19 10:52:08-06:00,2020-02-19 13:02:06-06:00
#157396,2038346350710,2020-02-19 09:30:07-06:00,2020-02-19 10:57:07-06:00
#157395,2038299951222,2020-02-19 08:49:28-06:00,2020-02-19 11:17:16-06:00
#157394,2037954543734,2020-02-19 01:32:29-06:00,2020-02-19 14:37:10-06:00
#157392,2037871214710,2020-02-18 22:59:29-06:00,2020-02-19 11:47:15-06:00
#157391,2037865480310,2020-02-18 22:50:36-06:00,2020-02-19 10:47:06-06:00
#157390,2037830680694,2020-02-18 21:55:15-06:00,2020-02-19 11:42:16-06:00
#157389,2037818949750,2020-02-18 21:38:42-06:00,2020-02-19 11:42:16-06:00
#157386,2037779169398,2020-02-18 20:49:23-06:00,2020-02-19 12:12:14-06:00
#157385,2037777956982,2020-02-18 20:48:30-06:00,2020-02-19 11:47:15-06:00
#157384,2037770813558,2020-02-18 20:39:28-06:00,2020-02-19 10:47:06-06:00
#157383,2037766488182,2020-02-18 20:34:42-06:00,2020-02-19 11:42:15-06:00
#157382,2037764227190,2020-02-18 20:32:02-06:00,2020-02-19 11:32:16-06:00
#157378,2037659336822,2020-02-18 18:37:05-06:00,2020-02-18 18:47:06-06:00
#157377,2037640855670,2020-02-18 18:16:41-06:00,2020-02-19 10:57:16-06:00
#157376,2037612609654,2020-02-18 17:47:34-06:00,2020-02-19 11:02:16-06:00
#157374,2037562572918,2020-02-18 17:01:19-06:00,2020-02-19 12:07:14-06:00
#157373,2037507293302,2020-02-18 16:18:55-06:00,2020-02-19 12:22:14-06:00
#157372,2037473050742,2020-02-18 15:53:02-06:00,2020-02-19 12:07:14-06:00
#157371,2037405024374,2020-02-18 15:04:38-06:00,2020-02-18 15:12:06-06:00
#157370,2037269463158,2020-02-18 13:26:13-06:00,2020-02-19 12:07:14-06:00
#157369,2037242200182,2020-02-18 13:04:28-06:00,2020-02-18 16:22:14-06:00
#157364,2037180530806,2020-02-18 12:17:28-06:00,2020-02-19 12:07:06-06:00
#157363,2037180170358,2020-02-18 12:17:12-06:00,2020-02-18 16:32:06-06:00
#157362,2037159985270,2020-02-18 12:02:26-06:00,2020-02-18 15:27:14-06:00
#157361,2037128724598,2020-02-18 11:37:31-06:00,2020-02-18 13:22:14-06:00
#157360,2037122236534,2020-02-18 11:32:04-06:00,2020-02-18 11:42:05-06:00
#157358,2037115748470,2020-02-18 11:27:12-06:00,2020-02-18 12:32:15-06:00
#157357,2037074133110,2020-02-18 10:54:04-06:00,2020-02-18 13:47:14-06:00
#157356,2037064761462,2020-02-18 10:46:41-06:00,2020-02-18 10:52:07-06:00
#157355,2037050114166,2020-02-18 10:35:47-06:00,2020-02-18 10:42:07-06:00
#157354,2037032648822,2020-02-18 10:20:28-06:00,2020-02-18 13:37:07-06:00
#157353,2037024981110,2020-02-18 10:13:59-06:00,2020-02-18 10:22:07-06:00
#157352,2036929134710,2020-02-18 08:51:10-06:00,2020-02-18 11:57:15-06:00
#157351,2036885586038,2020-02-18 08:08:05-06:00,2020-02-18 11:07:05-06:00
#157349,2036518649974,2020-02-17 23:15:50-06:00,2020-02-18 10:57:05-06:00
#157348,2036478083190,2020-02-17 22:18:29-06:00,2020-02-18 10:32:07-06:00
#157347,2036471332982,2020-02-17 22:08:36-06:00,2020-02-17 22:17:05-06:00
#157346,2036433354870,2020-02-17 21:22:22-06:00,2020-02-18 08:52:16-06:00
#157344,2036380794998,2020-02-17 20:20:13-06:00,2020-02-18 10:47:15-06:00
#157343,2036340588662,2020-02-17 19:31:02-06:00,2020-02-18 10:37:15-06:00
#157342,2036329939062,2020-02-17 19:17:59-06:00,2020-02-18 08:52:15-06:00
#157341,2036323123318,2020-02-17 19:09:29-06:00,2020-02-18 12:52:04-06:00
#157340,2036317094006,2020-02-17 19:02:54-06:00,2020-02-18 14:22:07-06:00
#157339,2036316635254,2020-02-17 19:02:13-06:00,2020-02-18 08:52:15-06:00
#157338,2036291534966,2020-02-17 18:34:02-06:00,2020-02-18 10:37:15-06:00
#157337,2036272038006,2020-02-17 18:13:56-06:00,2020-02-18 10:47:15-06:00
#157336,2036198604918,2020-02-17 17:04:42-06:00,2020-02-18 10:57:05-06:00
#157335,2036179861622,2020-02-17 16:49:00-06:00,2020-02-17 16:57:06-06:00
#157333,2036066418806,2020-02-17 15:26:51-06:00,2020-02-17 15:32:06-06:00
#157332,2036059996278,2020-02-17 15:22:25-06:00,2020-02-17 15:42:05-06:00
#157331,2036021723254,2020-02-17 14:55:35-06:00,2020-02-17 15:07:06-06:00
#157328,2035975749750,2020-02-17 14:22:59-06:00,2020-02-17 14:32:05-06:00
#157327,2035930660982,2020-02-17 13:50:08-06:00,2020-02-17 14:02:05-06:00
#157326,2035919683702,2020-02-17 13:41:56-06:00,2020-02-17 14:12:05-06:00
#157325,2035917717622,2020-02-17 13:40:33-06:00,2020-02-17 14:47:05-06:00
#157324,2035887833206,2020-02-17 13:18:12-06:00,2020-02-17 14:47:14-06:00
#157323,2035887276150,2020-02-17 13:17:47-06:00,2020-02-17 13:52:14-06:00
#157322,2035878133878,2020-02-17 13:10:31-06:00,2020-02-17 13:22:05-06:00
#157315,2035802636406,2020-02-17 12:12:44-06:00,2020-02-17 12:22:05-06:00
#157313,2035761938550,2020-02-17 11:42:50-06:00,2020-02-18 10:57:06-06:00
#157309,2035687260278,2020-02-17 10:45:18-06:00,2020-02-17 10:52:05-06:00
#157307,2035555434614,2020-02-17 08:49:53-06:00,2020-02-17 08:57:05-06:00
#157306,2035555008630,2020-02-17 08:49:39-06:00,2020-02-17 10:27:05-06:00
#157305,2035544096886,2020-02-17 08:38:38-06:00,2020-02-17 10:42:05-06:00
#157304,2035332939894,2020-02-17 04:21:59-06:00,2020-02-17 11:02:05-06:00
#157302,2035095240822,2020-02-16 21:34:46-06:00,2020-02-16 21:42:05-06:00
#157301,2035092979830,2020-02-16 21:31:37-06:00,2020-02-16 21:52:05-06:00
#157295,2034999001206,2020-02-16 19:35:50-06:00,2020-02-17 09:57:17-06:00
#157294,2034887950454,2020-02-16 17:28:18-06:00,2020-02-17 09:42:17-06:00
#157293,2034839126134,2020-02-16 16:44:52-06:00,2020-02-17 09:32:17-06:00
#157292,2034649956470,2020-02-16 14:17:37-06:00,2020-02-17 09:42:16-06:00
#157291,2034642321526,2020-02-16 14:14:10-06:00,2020-02-16 14:22:05-06:00
#157290,2034549817462,2020-02-16 13:04:45-06:00,2020-02-17 10:37:05-06:00
#157286,2034471370870,2020-02-16 12:00:58-06:00,2020-02-17 09:37:17-06:00
#157284,2034356846710,2020-02-16 10:22:49-06:00,2020-02-17 09:27:17-06:00
#157283,2034236162166,2020-02-16 08:28:38-06:00,2020-02-17 10:07:16-06:00
#157282,2033884692598,2020-02-15 23:01:34-06:00,2020-02-17 10:22:15-06:00
#157281,2033877581942,2020-02-15 22:48:59-06:00,2020-02-15 22:57:06-06:00
#157279,2033866932342,2020-02-15 22:31:30-06:00,2020-02-17 09:17:19-06:00
#157278,2033765646454,2020-02-15 20:01:39-06:00,2020-02-17 13:52:15-06:00
#157277,2033760829558,2020-02-15 19:55:43-06:00,2020-02-17 10:07:15-06:00
#157276,2033693851766,2020-02-15 18:33:27-06:00,2020-02-15 18:42:05-06:00
#157275,2033690181750,2020-02-15 18:29:01-06:00,2020-02-15 18:37:05-06:00
#157274,2033637097590,2020-02-15 17:30:08-06:00,2020-02-17 09:22:17-06:00
#157273,2033623892086,2020-02-15 17:17:36-06:00,2020-02-17 09:22:17-06:00
#157272,2033607508086,2020-02-15 17:01:37-06:00,2020-02-15 17:12:05-06:00
#157270,2033602691190,2020-02-15 16:57:38-06:00,2020-02-15 17:22:05-06:00
#157269,2033594433654,2020-02-15 16:51:14-06:00,2020-02-17 10:07:15-06:00
#157268,2033565597814,2020-02-15 16:28:18-06:00,2020-02-17 10:47:05-06:00
#157267,2033467490422,2020-02-15 15:09:16-06:00,2020-02-17 09:22:19-06:00
#157266,2033393729654,2020-02-15 14:19:28-06:00,2020-02-15 14:27:06-06:00
#157265,2033321017462,2020-02-15 13:27:29-06:00,2020-02-15 14:37:05-06:00
#157261,2033250992246,2020-02-15 12:36:47-06:00,2020-02-17 09:27:16-06:00
#157260,2033201610870,2020-02-15 11:59:23-06:00,2020-02-17 09:57:15-06:00
#157259,2033142038646,2020-02-15 11:15:53-06:00,2020-02-17 10:57:05-06:00
#157258,2032935796854,2020-02-15 08:23:06-06:00,2020-02-17 09:12:16-06:00
#157255,2032599597174,2020-02-15 01:17:26-06:00,2020-02-15 01:27:05-06:00
#157253,2032575414390,2020-02-15 00:24:58-06:00,2020-02-17 09:17:16-06:00
#157251,2032486318198,2020-02-14 21:50:17-06:00,2020-02-14 22:02:06-06:00
#157250,2032481534070,2020-02-14 21:42:48-06:00,2020-02-17 09:27:15-06:00
#157249,2032464756854,2020-02-14 21:20:17-06:00,2020-02-17 09:22:15-06:00
#157248,2032462102646,2020-02-14 21:15:47-06:00,2020-02-17 09:37:15-06:00
#157247,2032452698230,2020-02-14 21:03:06-06:00,2020-02-18 08:52:14-06:00
#157246,2032452239478,2020-02-14 21:02:24-06:00,2020-02-17 10:22:05-06:00
#157245,2032406823030,2020-02-14 20:05:00-06:00,2020-02-14 20:12:05-06:00
#157244,2032378183798,2020-02-14 19:32:19-06:00,2020-02-14 19:42:06-06:00
#157243,2032377430134,2020-02-14 19:31:33-06:00,2020-02-14 19:52:05-06:00
#157242,2032359080054,2020-02-14 19:10:55-06:00,2020-02-17 09:57:15-06:00
#157241,2032311271542,2020-02-14 18:20:43-06:00,2020-02-17 08:52:15-06:00
#157240,2032263331958,2020-02-14 17:35:42-06:00,2020-02-14 17:42:06-06:00
#157239,2032254025846,2020-02-14 17:26:39-06:00,2020-02-14 17:37:05-06:00
#157238,2032157130870,2020-02-14 16:13:19-06:00,2020-02-17 10:22:14-06:00
#157237,2032139337846,2020-02-14 16:01:37-06:00,2020-02-14 16:12:05-06:00
#157236,2032001286262,2020-02-14 14:22:22-06:00,2020-02-14 15:42:05-06:00
#157234,2031979200630,2020-02-14 14:06:19-06:00,2020-02-14 14:12:05-06:00
#157233,2031976579190,2020-02-14 14:04:17-06:00,2020-02-14 14:22:05-06:00
#157231,2031941943414,2020-02-14 13:38:29-06:00,2020-02-14 15:52:06-06:00
#157230,2031935553654,2020-02-14 13:33:14-06:00,2020-02-14 13:42:05-06:00
#157229,2031890202742,2020-02-14 13:02:03-06:00,2020-02-14 16:32:05-06:00
#157224,2031739994230,2020-02-14 11:18:32-06:00,2020-02-14 13:27:05-06:00
#157223,2031713452150,2020-02-14 11:01:01-06:00,2020-02-14 14:02:15-06:00
#157222,2031710306422,2020-02-14 10:59:19-06:00,2020-02-17 10:22:14-06:00
#157221,2031705423990,2020-02-14 10:56:16-06:00,2020-02-14 11:02:05-06:00
#157220,2031468478582,2020-02-14 08:02:07-06:00,2020-02-14 08:12:06-06:00
#157219,2031170748534,2020-02-14 01:58:51-06:00,2020-02-14 02:07:06-06:00
#157218,2031085518966,2020-02-13 23:32:12-06:00,2020-02-14 13:42:14-06:00
#157217,2031061598326,2020-02-13 22:55:03-06:00,2020-02-13 23:02:05-06:00
#157216,2031054094454,2020-02-13 22:44:19-06:00,2020-02-14 12:12:15-06:00
#157215,2031028338806,2020-02-13 22:04:52-06:00,2020-02-14 12:12:15-06:00
#157214,2031025750134,2020-02-13 22:01:37-06:00,2020-02-13 22:52:16-06:00
#157213,2031022080118,2020-02-13 21:56:00-06:00,2020-02-14 11:57:15-06:00
#157212,2031010087030,2020-02-13 21:39:30-06:00,2020-02-14 11:52:16-06:00
#157211,2031001337974,2020-02-13 21:26:53-06:00,2020-02-13 21:32:06-06:00
#157210,2030979317878,2020-02-13 20:58:16-06:00,2020-02-13 21:07:06-06:00
#157209,2030879735926,2020-02-13 19:00:31-06:00,2020-02-14 11:57:15-06:00
#157207,2030871871606,2020-02-13 18:50:37-06:00,2020-02-13 21:57:16-06:00
#157206,2030865711222,2020-02-13 18:44:08-06:00,2020-02-13 18:52:05-06:00
#157205,2030864531574,2020-02-13 18:42:58-06:00,2020-02-14 11:57:15-06:00
#157204,2030856011894,2020-02-13 18:33:35-06:00,2020-02-14 12:17:15-06:00
#157203,2030823112822,2020-02-13 18:01:37-06:00,2020-02-17 12:02:06-06:00
#157202,2030771273846,2020-02-13 17:11:09-06:00,2020-02-13 17:22:05-06:00
#157201,2030768324726,2020-02-13 17:08:30-06:00,2020-02-14 12:17:14-06:00
#157200,2030761443446,2020-02-13 17:01:37-06:00,2020-02-13 17:12:05-06:00
#157199,2030671888502,2020-02-13 15:55:53-06:00,2020-02-14 11:52:15-06:00
#157198,2030642069622,2020-02-13 15:38:48-06:00,2020-02-13 15:47:05-06:00
#157197,2030573420662,2020-02-13 14:50:36-06:00,2020-02-13 15:12:06-06:00
#157196,2030556086390,2020-02-13 14:38:59-06:00,2020-02-13 17:12:15-06:00
#157194,2030499037302,2020-02-13 13:58:51-06:00,2020-02-13 17:07:15-06:00
#157193,2030479442038,2020-02-13 13:45:18-06:00,2020-02-13 13:52:05-06:00
#157192,2030478557302,2020-02-13 13:44:33-06:00,2020-02-13 14:02:06-06:00
#157191,2030477967478,2020-02-13 13:44:15-06:00,2020-02-13 17:02:15-06:00
#157190,2030450868342,2020-02-13 13:23:01-06:00,2020-02-13 17:12:15-06:00
#157189,2030413971574,2020-02-13 12:55:44-06:00,2020-02-13 16:57:15-06:00
#157188,2030413807734,2020-02-13 12:55:35-06:00,2020-02-13 16:57:15-06:00
#157187,2030413578358,2020-02-13 12:55:26-06:00,2020-02-13 13:07:17-06:00
#157184,2030380875894,2020-02-13 12:30:13-06:00,2020-02-13 13:42:17-06:00
#157183,2030378090614,2020-02-13 12:28:03-06:00,2020-02-13 15:27:16-06:00
#157182,2030369833078,2020-02-13 12:21:26-06:00,2020-02-13 12:57:17-06:00
#157181,2030349090934,2020-02-13 12:04:43-06:00,2020-02-13 15:22:16-06:00
#157180,2030348861558,2020-02-13 12:04:35-06:00,2020-02-13 12:22:18-06:00
#157179,2030345748598,2020-02-13 12:01:54-06:00,2020-02-13 12:22:17-06:00
#157178,2030298267766,2020-02-13 11:24:55-06:00,2020-02-13 15:52:16-06:00
#157176,2030294302838,2020-02-13 11:21:52-06:00,2020-02-13 15:52:16-06:00
#157175,2030292959350,2020-02-13 11:20:46-06:00,2020-02-13 16:02:15-06:00
#157174,2030287454326,2020-02-13 11:16:22-06:00,2020-02-13 15:52:15-06:00
#157173,2030281326710,2020-02-13 11:11:57-06:00,2020-02-13 11:27:17-06:00
#157172,2030265958518,2020-02-13 11:00:06-06:00,2020-02-13 11:12:05-06:00
#157171,2030261993590,2020-02-13 10:57:07-06:00,2020-02-13 15:57:15-06:00
#157170,2030232993910,2020-02-13 10:34:18-06:00,2020-02-13 15:02:15-06:00
#157168,2030127710326,2020-02-13 09:06:53-06:00,2020-02-13 09:12:05-06:00
#157167,2030122369142,2020-02-13 09:01:42-06:00,2020-02-13 13:57:16-06:00
#157166,2030092648566,2020-02-13 08:33:33-06:00,2020-02-13 13:57:17-06:00
#157165,2030072266870,2020-02-13 08:13:03-06:00,2020-02-13 08:22:06-06:00
#157164,2030064926838,2020-02-13 08:04:55-06:00,2020-02-13 08:12:05-06:00
#157162,2029708869750,2020-02-12 23:40:45-06:00,2020-02-12 23:57:05-06:00
#157161,2029608501366,2020-02-12 21:10:04-06:00,2020-02-12 21:22:05-06:00
#157160,2029571866742,2020-02-12 20:27:06-06:00,2020-02-12 20:37:06-06:00
#157159,2029537230966,2020-02-12 19:45:10-06:00,2020-02-13 10:37:16-06:00
#157158,2029475758198,2020-02-12 18:41:54-06:00,2020-02-13 10:37:15-06:00
#157157,2029464682614,2020-02-12 18:29:53-06:00,2020-02-13 10:47:16-06:00
#157156,2029454819446,2020-02-12 18:19:34-06:00,2020-02-13 10:27:16-06:00
#157155,2029383745654,2020-02-12 17:07:57-06:00,2020-02-12 17:17:05-06:00
#157154,2029351895158,2020-02-12 16:42:15-06:00,2020-02-13 10:17:15-06:00
#157152,2029298483318,2020-02-12 16:04:25-06:00,2020-02-13 09:17:16-06:00
#157151,2029293699190,2020-02-12 16:01:04-06:00,2020-02-13 09:02:17-06:00
#157150,2029289046134,2020-02-12 15:57:43-06:00,2020-02-13 09:17:16-06:00
#157149,2029229113462,2020-02-12 15:18:07-06:00,2020-02-13 09:32:15-06:00
#157147,2029123698806,2020-02-12 14:06:40-06:00,2020-02-12 14:12:05-06:00
#157146,2029114097782,2020-02-12 14:00:31-06:00,2020-02-13 16:42:16-06:00
#157145,2029104529526,2020-02-12 13:53:23-06:00,2020-02-12 14:07:06-06:00
#157144,2029089357942,2020-02-12 13:42:02-06:00,2020-02-12 16:47:15-06:00
#157143,2029084377206,2020-02-12 13:38:36-06:00,2020-02-12 16:32:06-06:00
#157142,2029040631926,2020-02-12 13:04:46-06:00,2020-02-12 16:37:15-06:00
#157141,2029022183542,2020-02-12 12:51:36-06:00,2020-02-12 16:27:15-06:00
#157140,2029020643446,2020-02-12 12:50:40-06:00,2020-02-13 14:42:14-06:00
#157137,2028996788342,2020-02-12 12:33:07-06:00,2020-02-12 12:42:05-06:00
#157136,2028944752758,2020-02-12 11:51:43-06:00,2020-02-14 16:37:14-06:00
#157135,2028923748470,2020-02-12 11:35:30-06:00,2020-02-12 13:17:05-06:00
#157134,2028912640118,2020-02-12 11:26:09-06:00,2020-02-12 11:32:05-06:00
#157133,2028876890230,2020-02-12 11:01:37-06:00,2020-02-12 11:12:06-06:00
#157132,2028852379766,2020-02-12 10:43:22-06:00,2020-02-12 13:07:15-06:00
#157131,2028830261366,2020-02-12 10:25:09-06:00,2020-02-12 10:32:06-06:00
#157130,2028827345014,2020-02-12 10:22:45-06:00,2020-02-12 12:52:15-06:00
#157129,2028807127158,2020-02-12 10:05:28-06:00,2020-02-13 12:27:16-06:00
#157128,2028806701174,2020-02-12 10:05:04-06:00,2020-02-12 10:47:18-06:00
#157127,2028805030006,2020-02-12 10:03:22-06:00,2020-02-12 13:52:15-06:00
#157126,2028783337590,2020-02-12 09:44:52-06:00,2020-02-12 12:27:16-06:00
#157125,2028781633654,2020-02-12 09:43:22-06:00,2020-02-12 12:27:16-06:00
#157124,2028757680246,2020-02-12 09:22:20-06:00,2020-02-12 09:32:06-06:00
#157122,2028709544054,2020-02-12 08:37:42-06:00,2020-02-12 12:17:18-06:00
#157121,2028679626870,2020-02-12 08:07:37-06:00,2020-02-12 08:17:05-06:00
#157120,2028322783350,2020-02-12 00:12:34-06:00,2020-02-12 12:42:15-06:00
#157119,2028288475254,2020-02-11 23:14:10-06:00,2020-02-12 12:47:15-06:00
#157118,2028280545398,2020-02-11 23:00:06-06:00,2020-02-11 23:12:05-06:00
#157117,2028274614390,2020-02-11 22:51:10-06:00,2020-02-11 23:02:05-06:00
#157116,2028210454646,2020-02-11 21:16:00-06:00,2020-02-12 09:22:05-06:00
#157115,2028206784630,2020-02-11 21:10:33-06:00,2020-02-11 23:02:19-06:00
#157114,2028201640054,2020-02-11 21:04:45-06:00,2020-02-11 21:12:06-06:00
#157113,2028185813110,2020-02-11 20:45:33-06:00,2020-02-11 20:52:07-06:00
#157112,2028129386614,2020-02-11 19:39:31-06:00,2020-02-12 12:22:16-06:00
#157111,2028127060086,2020-02-11 19:36:29-06:00,2020-02-13 09:37:15-06:00
#157110,2028119687286,2020-02-11 19:28:26-06:00,2020-02-12 11:42:16-06:00
#157109,2028113231990,2020-02-11 19:21:26-06:00,2020-02-12 09:07:18-06:00
#157108,2028098158710,2020-02-11 19:06:08-06:00,2020-02-11 19:12:06-06:00
#157107,2028093276278,2020-02-11 19:01:13-06:00,2020-02-12 11:32:16-06:00
#157106,2028093079670,2020-02-11 19:01:02-06:00,2020-02-12 11:32:16-06:00
#157105,2028053889142,2020-02-11 18:17:23-06:00,2020-02-11 18:27:06-06:00
#157104,2028050612342,2020-02-11 18:13:31-06:00,2020-02-12 12:22:16-06:00
#157103,2028023087222,2020-02-11 17:44:35-06:00,2020-02-11 17:57:05-06:00
#157102,2028021383286,2020-02-11 17:42:46-06:00,2020-02-12 11:07:15-06:00
#157101,2027996938358,2020-02-11 17:19:17-06:00,2020-02-12 12:22:16-06:00
#157100,2027982913654,2020-02-11 17:06:17-06:00,2020-02-11 17:17:05-06:00
#157099,2027982225526,2020-02-11 17:05:27-06:00,2020-02-12 11:32:17-06:00
#157098,2027938480246,2020-02-11 16:34:31-06:00,2020-02-12 10:57:17-06:00
#157097,2027934253174,2020-02-11 16:31:29-06:00,2020-02-11 16:47:05-06:00
#157096,2027915804790,2020-02-11 16:18:43-06:00,2020-02-11 16:27:05-06:00
#157095,2027870683254,2020-02-11 15:50:18-06:00,2020-02-12 10:57:16-06:00
#157094,2027869831286,2020-02-11 15:49:46-06:00,2020-02-11 15:57:05-06:00
#157093,2027861901430,2020-02-11 15:45:10-06:00,2020-02-12 09:37:16-06:00
#157092,2027827396726,2020-02-11 15:23:50-06:00,2020-02-11 15:32:06-06:00
#157091,2027824021622,2020-02-11 15:21:15-06:00,2020-02-12 09:52:17-06:00
#157090,2027823562870,2020-02-11 15:21:02-06:00,2020-02-11 15:32:06-06:00
#157089,2027808653430,2020-02-11 15:11:21-06:00,2020-02-12 08:32:16-06:00
#157088,2027795349622,2020-02-11 15:02:28-06:00,2020-02-11 17:02:15-06:00
#157087,2027784962166,2020-02-11 14:55:50-06:00,2020-02-12 09:17:15-06:00
#157086,2027773788278,2020-02-11 14:48:41-06:00,2020-02-11 14:57:06-06:00
#157085,2027773231222,2020-02-11 14:48:31-06:00,2020-02-12 09:17:18-06:00
#157084,2027758256246,2020-02-11 14:38:27-06:00,2020-02-11 15:27:18-06:00
#157081,2027699601526,2020-02-11 13:59:53-06:00,2020-02-11 16:27:16-06:00
#157080,2027661885558,2020-02-11 13:35:32-06:00,2020-02-11 16:27:16-06:00
#157079,2027655037046,2020-02-11 13:30:19-06:00,2020-02-11 13:42:05-06:00
#157078,2027644813430,2020-02-11 13:23:21-06:00,2020-02-11 13:32:07-06:00
#157077,2027633574006,2020-02-11 13:15:12-06:00,2020-02-11 16:12:16-06:00
#157075,2027620892790,2020-02-11 13:05:44-06:00,2020-02-12 09:32:15-06:00
#157074,2027610275958,2020-02-11 12:58:01-06:00,2020-02-11 16:12:16-06:00
#157070,2027585241206,2020-02-11 12:40:55-06:00,2020-02-11 12:52:07-06:00
#157069,2027581177974,2020-02-11 12:37:21-06:00,2020-02-11 15:57:15-06:00
#157068,2027579768950,2020-02-11 12:35:57-06:00,2020-02-11 15:47:16-06:00
#157067,2027567972470,2020-02-11 12:27:06-06:00,2020-02-11 15:42:16-06:00
#157066,2027564269686,2020-02-11 12:24:49-06:00,2020-02-11 15:47:16-06:00
#157065,2027529797750,2020-02-11 11:59:17-06:00,2020-02-11 12:07:05-06:00
#157064,2027518689398,2020-02-11 11:50:22-06:00,2020-02-11 12:17:05-06:00
#157062,2027509743734,2020-02-11 11:44:13-06:00,2020-02-11 11:52:05-06:00
#157061,2027507875958,2020-02-11 11:42:42-06:00,2020-02-11 12:07:16-06:00
#157060,2027506270326,2020-02-11 11:41:07-06:00,2020-02-11 15:42:16-06:00
#157059,2027501060214,2020-02-11 11:37:35-06:00,2020-02-13 12:07:15-06:00
#157058,2027499356278,2020-02-11 11:36:22-06:00,2020-02-11 14:02:16-06:00
#157057,2027479695478,2020-02-11 11:20:32-06:00,2020-02-11 11:32:06-06:00
#157056,2027467636854,2020-02-11 11:11:47-06:00,2020-02-11 11:22:05-06:00
#157055,2027448074358,2020-02-11 10:56:42-06:00,2020-02-11 12:27:06-06:00
#157054,2027436966006,2020-02-11 10:48:33-06:00,2020-02-11 11:47:16-06:00
#157053,2027410096246,2020-02-11 10:28:46-06:00,2020-02-11 11:47:15-06:00
#157052,2027250450550,2020-02-11 08:12:07-06:00,2020-02-11 08:22:05-06:00
#157051,2026878337142,2020-02-11 00:22:55-06:00,2020-02-11 08:42:05-06:00
#157050,2026832003190,2020-02-10 23:04:57-06:00,2020-02-11 08:57:06-06:00
#157049,2026820993142,2020-02-10 22:46:51-06:00,2020-02-11 09:17:05-06:00
#157048,2026725671030,2020-02-10 20:42:45-06:00,2020-02-10 20:57:05-06:00
#157047,2026712072310,2020-02-10 20:28:52-06:00,2020-02-11 09:22:05-06:00
#157046,2026708205686,2020-02-10 20:24:15-06:00,2020-02-10 20:32:06-06:00
#157045,2026706468982,2020-02-10 20:22:29-06:00,2020-02-11 09:32:05-06:00
#157044,2026678911094,2020-02-10 19:52:44-06:00,2020-02-11 08:42:17-06:00
#157043,2026673012854,2020-02-10 19:46:28-06:00,2020-02-10 19:52:05-06:00
#157042,2026661314678,2020-02-10 19:35:20-06:00,2020-02-11 09:47:05-06:00
#157041,2026622419062,2020-02-10 18:53:27-06:00,2020-02-11 09:57:05-06:00
#157040,2026619043958,2020-02-10 18:49:48-06:00,2020-02-11 11:47:05-06:00
#157039,2026549182582,2020-02-10 17:38:28-06:00,2020-02-11 09:17:17-06:00
#157038,2026546298998,2020-02-10 17:35:59-06:00,2020-02-11 09:12:17-06:00
#157037,2026535813238,2020-02-10 17:25:54-06:00,2020-02-12 08:12:17-06:00
#157036,2026483581046,2020-02-10 16:43:22-06:00,2020-02-11 09:12:16-06:00
#157035,2026480828534,2020-02-10 16:41:30-06:00,2020-02-11 11:47:06-06:00
#157034,2026459299958,2020-02-10 16:26:24-06:00,2020-02-11 10:07:05-06:00
#157033,2026395926646,2020-02-10 15:46:35-06:00,2020-02-10 16:02:06-06:00
#157032,2026366304374,2020-02-10 15:29:21-06:00,2020-02-10 15:37:07-06:00
#157031,2026321018998,2020-02-10 15:02:21-06:00,2020-02-12 15:37:15-06:00
#157030,2026318594166,2020-02-10 15:01:14-06:00,2020-02-10 17:12:15-06:00
#157029,2026317086838,2020-02-10 15:00:11-06:00,2020-02-10 17:42:15-06:00
#157028,2026309910646,2020-02-10 14:55:47-06:00,2020-02-10 15:02:06-06:00
#157027,2026291298422,2020-02-10 14:44:46-06:00,2020-02-10 16:12:06-06:00
#157026,2026291036278,2020-02-10 14:44:37-06:00,2020-02-10 16:12:06-06:00
#157025,2026271539318,2020-02-10 14:32:36-06:00,2020-02-11 09:32:15-06:00
#157024,2026251288694,2020-02-10 14:20:18-06:00,2020-02-10 14:32:05-06:00
#157022,2026219077750,2020-02-10 14:00:35-06:00,2020-02-10 15:22:05-06:00
#157021,2026155507830,2020-02-10 13:20:38-06:00,2020-02-10 16:02:07-06:00
#157020,2026127360118,2020-02-10 13:01:03-06:00,2020-02-10 16:02:07-06:00
#157019,2026123100278,2020-02-10 12:58:01-06:00,2020-02-10 14:07:17-06:00
#157018,2026103799926,2020-02-10 12:44:25-06:00,2020-02-10 12:52:06-06:00
#157016,2026101112950,2020-02-10 12:42:14-06:00,2020-02-10 15:42:15-06:00
#157013,2026063757430,2020-02-10 12:15:21-06:00,2020-02-11 16:37:14-06:00
#157012,2026047373430,2020-02-10 12:02:45-06:00,2020-02-10 13:57:17-06:00
#157011,2026012442742,2020-02-10 11:36:14-06:00,2020-02-10 13:47:18-06:00
#157009,2025988489334,2020-02-10 11:17:21-06:00,2020-02-10 11:27:06-06:00
#157008,2025874980982,2020-02-10 09:49:06-06:00,2020-02-10 10:02:06-06:00
#157007,2025846308982,2020-02-10 09:28:44-06:00,2020-02-10 13:57:17-06:00
#157004,2025280569462,2020-02-09 23:31:12-06:00,2020-02-10 12:22:20-06:00
#156998,2025189408886,2020-02-09 21:47:49-06:00,2020-02-10 13:17:20-06:00
#156997,2025181020278,2020-02-09 21:39:20-06:00,2020-02-10 11:47:23-06:00
#156996,2025171779702,2020-02-09 21:31:37-06:00,2020-02-09 22:12:25-06:00
#156995,2025169879158,2020-02-09 21:30:05-06:00,2020-02-10 12:27:20-06:00
#156994,2025108340854,2020-02-09 20:34:04-06:00,2020-02-09 20:42:06-06:00
#156993,2025040085110,2020-02-09 19:38:19-06:00,2020-02-10 11:57:21-06:00
#156992,2024985493622,2020-02-09 18:48:59-06:00,2020-02-09 18:57:06-06:00
#156990,2024974123126,2020-02-09 18:38:23-06:00,2020-02-18 15:27:14-06:00
#156988,2024778367094,2020-02-09 16:16:58-06:00,2020-02-10 15:02:16-06:00
#156987,2024633335926,2020-02-09 14:55:55-06:00,2020-02-10 13:47:18-06:00
#156986,2024539160694,2020-02-09 14:05:44-06:00,2020-02-10 11:42:22-06:00
#156985,2024536014966,2020-02-09 14:04:15-06:00,2020-02-09 14:12:06-06:00
#156984,2024517206134,2020-02-09 13:53:34-06:00,2020-02-11 16:27:14-06:00
#156983,2024497545334,2020-02-09 13:42:58-06:00,2020-02-09 13:52:06-06:00
#156982,2024469332086,2020-02-09 13:27:09-06:00,2020-02-10 13:57:16-06:00
#156978,2024194703478,2020-02-09 10:39:27-06:00,2020-02-10 14:57:15-06:00
#156977,2024111177846,2020-02-09 09:40:17-06:00,2020-02-09 09:52:06-06:00
#156976,2023761674358,2020-02-09 03:16:33-06:00,2020-02-10 13:47:16-06:00
#156975,2023662944374,2020-02-09 00:27:54-06:00,2020-02-10 13:42:17-06:00
#156974,2023641612406,2020-02-08 23:53:25-06:00,2020-02-10 13:47:16-06:00
#156972,2023575683190,2020-02-08 22:22:43-06:00,2020-02-10 13:22:17-06:00
#156970,2023559889014,2020-02-08 22:05:01-06:00,2020-02-10 11:02:21-06:00
#156969,2023488094326,2020-02-08 20:46:50-06:00,2020-02-08 20:52:06-06:00
#156968,2023428522102,2020-02-08 19:49:29-06:00,2020-02-10 11:07:21-06:00
#156967,2023385596022,2020-02-08 19:09:35-06:00,2020-02-10 12:22:18-06:00
#156966,2023380090998,2020-02-08 19:04:45-06:00,2020-02-10 13:37:16-06:00
#156965,2023334445174,2020-02-08 18:25:59-06:00,2020-02-10 13:37:16-06:00
#156964,2023295844470,2020-02-08 17:56:49-06:00,2020-02-10 11:12:22-06:00
#156963,2023275593846,2020-02-08 17:41:46-06:00,2020-02-10 13:42:16-06:00
#156962,2023268352118,2020-02-08 17:36:51-06:00,2020-02-08 17:42:06-06:00
#156961,2023199244406,2020-02-08 16:53:53-06:00,2020-02-10 11:42:19-06:00
#156959,2023142883446,2020-02-08 16:23:20-06:00,2020-02-11 09:27:16-06:00
#156958,2023119913078,2020-02-08 16:11:56-06:00,2020-02-10 11:22:20-06:00
#156957,2023063617654,2020-02-08 15:44:11-06:00,2020-02-08 15:52:05-06:00
#156956,2023023542390,2020-02-08 15:26:25-06:00,2020-02-10 10:57:24-06:00
#156955,2022898434166,2020-02-08 14:28:26-06:00,2020-02-10 14:57:15-06:00
#156954,2022853050486,2020-02-08 14:08:31-06:00,2020-02-08 14:17:05-06:00
#156952,2022630588534,2020-02-08 12:42:54-06:00,2020-02-10 11:42:18-06:00
#156951,2022626099318,2020-02-08 12:41:33-06:00,2020-02-10 13:37:16-06:00
#156946,2022600409206,2020-02-08 12:32:50-06:00,2020-02-10 16:02:06-06:00
#156945,2022544867446,2020-02-08 12:15:08-06:00,2020-02-10 13:37:16-06:00
#156944,2022455705718,2020-02-08 11:48:14-06:00,2020-02-10 13:17:16-06:00
#156943,2022329614454,2020-02-08 11:16:48-06:00,2020-02-10 10:47:20-06:00
#156941,2021971427446,2020-02-08 10:25:32-06:00,2020-02-08 10:32:06-06:00
#156940,2021786714230,2020-02-08 10:16:30-06:00,2020-02-10 10:57:24-06:00
#156939,2021197676662,2020-02-08 09:16:51-06:00,2020-02-10 13:22:15-06:00
#156937,2020950671478,2020-02-08 05:51:42-06:00,2020-02-10 11:42:17-06:00
#156936,2020711432310,2020-02-08 00:41:18-06:00,2020-02-10 11:47:18-06:00
#156934,2020702355574,2020-02-08 00:20:41-06:00,2020-02-11 16:22:14-06:00
#156933,2020635476086,2020-02-07 22:19:01-06:00,2020-02-10 13:27:17-06:00
#156932,2020617191542,2020-02-07 21:52:45-06:00,2020-02-07 22:07:05-06:00
#156931,2020614373494,2020-02-07 21:49:21-06:00,2020-02-10 13:22:15-06:00
#156930,2020601823350,2020-02-07 21:31:39-06:00,2020-02-07 21:42:05-06:00
#156929,2020596416630,2020-02-07 21:24:37-06:00,2020-02-10 13:42:15-06:00
#156928,2020589633654,2020-02-07 21:15:17-06:00,2020-02-10 10:07:20-06:00
#156927,2020586750070,2020-02-07 21:12:01-06:00,2020-02-10 12:32:14-06:00
#156926,2020575346806,2020-02-07 20:58:35-06:00,2020-02-07 21:12:06-06:00
#156925,2020568006774,2020-02-07 20:49:34-06:00,2020-02-10 11:32:16-06:00
#156924,2020549427318,2020-02-07 20:25:27-06:00,2020-02-10 12:22:15-06:00
#156923,2020540711030,2020-02-07 20:14:35-06:00,2020-02-07 20:22:05-06:00
#156921,2020452040822,2020-02-07 18:34:18-06:00,2020-02-10 12:17:15-06:00
#156920,2020423860342,2020-02-07 18:07:30-06:00,2020-02-10 11:42:15-06:00
#156919,2020420190326,2020-02-07 18:04:03-06:00,2020-02-10 09:52:17-06:00
#156918,2020401709174,2020-02-07 17:46:36-06:00,2020-02-10 14:57:14-06:00
#156916,2020357865590,2020-02-07 17:07:51-06:00,2020-02-10 10:27:17-06:00
#156915,2020334633078,2020-02-07 16:49:30-06:00,2020-02-10 12:12:15-06:00
#156914,2020305469558,2020-02-07 16:28:10-06:00,2020-02-10 12:12:15-06:00
#156913,2020304715894,2020-02-07 16:27:42-06:00,2020-02-10 11:42:14-06:00
#156912,2020287971446,2020-02-07 16:16:06-06:00,2020-02-07 16:22:06-06:00
#156911,2020281155702,2020-02-07 16:12:01-06:00,2020-02-07 17:17:05-06:00
#156909,2020249337974,2020-02-07 15:52:42-06:00,2020-02-10 10:02:17-06:00
#156908,2020212736118,2020-02-07 15:30:29-06:00,2020-02-07 17:17:14-06:00
#156907,2020212342902,2020-02-07 15:29:23-06:00,2020-02-07 17:07:15-06:00
#156906,2020208967798,2020-02-07 15:27:02-06:00,2020-02-07 16:57:15-06:00
#156905,2020203954294,2020-02-07 15:23:31-06:00,2020-02-07 17:07:16-06:00
#156904,2020174463094,2020-02-07 15:02:45-06:00,2020-02-07 16:37:17-06:00
#156903,2020166434934,2020-02-07 15:00:31-06:00,2020-02-07 16:37:15-06:00
#156902,2020156244086,2020-02-07 14:53:33-06:00,2020-02-07 16:37:16-06:00
#156901,2020145594486,2020-02-07 14:45:40-06:00,2020-02-07 14:52:05-06:00
#156900,2020109123702,2020-02-07 14:21:17-06:00,2020-02-07 16:02:16-06:00
#156899,2020098572406,2020-02-07 14:14:19-06:00,2020-02-07 16:07:15-06:00
#156898,2020052009078,2020-02-07 13:41:18-06:00,2020-02-07 15:27:16-06:00
#156897,2020035919990,2020-02-07 13:29:48-06:00,2020-02-10 14:27:14-06:00
#156896,2020021338230,2020-02-07 13:18:54-06:00,2020-02-07 15:57:15-06:00
#156895,2020007673974,2020-02-07 13:09:53-06:00,2020-02-07 13:22:06-06:00
#156894,2020000432246,2020-02-07 13:04:33-06:00,2020-02-07 13:12:06-06:00
#156893,2019998662774,2020-02-07 13:03:02-06:00,2020-02-07 15:37:16-06:00
#156892,2019992469622,2020-02-07 12:58:44-06:00,2020-02-07 13:32:05-06:00
#156891,2019985916022,2020-02-07 12:54:09-06:00,2020-02-07 17:17:15-06:00
#156889,2019946528886,2020-02-07 12:25:39-06:00,2020-02-14 11:42:14-06:00
#156888,2019944890486,2020-02-07 12:24:15-06:00,2020-02-07 15:12:15-06:00
#156887,2019938828406,2020-02-07 12:19:24-06:00,2020-02-07 12:27:05-06:00
#156886,2019898228854,2020-02-07 11:47:56-06:00,2020-02-07 15:22:14-06:00
#156884,2019840360566,2020-02-07 11:06:25-06:00,2020-02-10 14:27:14-06:00
#156883,2019836788854,2020-02-07 11:04:00-06:00,2020-02-07 12:27:14-06:00
#156882,2019813490806,2020-02-07 10:46:37-06:00,2020-02-07 10:52:05-06:00
#156881,2019756769398,2020-02-07 10:05:36-06:00,2020-02-07 10:12:06-06:00
#156880,2019744252022,2020-02-07 09:55:43-06:00,2020-02-10 12:12:14-06:00
#156878,2019600466038,2020-02-07 07:56:14-06:00,2020-02-07 17:02:15-06:00
#156876,2019247718518,2020-02-07 01:14:17-06:00,2020-02-07 11:52:06-06:00
#156875,2019175792758,2020-02-06 23:07:53-06:00,2020-02-07 15:12:15-06:00
#156874,2019159146614,2020-02-06 22:45:06-06:00,2020-02-10 13:42:14-06:00
#156873,2019147808886,2020-02-06 22:29:43-06:00,2020-02-07 08:47:05-06:00
#156872,2019101147254,2020-02-06 21:31:44-06:00,2020-02-07 09:07:07-06:00
#156871,2019082666102,2020-02-06 21:11:33-06:00,2020-02-07 10:12:14-06:00
#156868,2019031875702,2020-02-06 20:19:16-06:00,2020-02-07 16:57:14-06:00
#156867,2019019751542,2020-02-06 20:07:15-06:00,2020-02-07 09:47:15-06:00
#156864,2018969354358,2020-02-06 19:16:55-06:00,2020-02-10 10:27:16-06:00
#156863,2018931572854,2020-02-06 18:39:01-06:00,2020-02-07 10:07:15-06:00
#156861,2018907324534,2020-02-06 18:15:28-06:00,2020-02-06 20:22:14-06:00
#156860,2018903621750,2020-02-06 18:11:56-06:00,2020-02-07 09:42:14-06:00
#156859,2018878947446,2020-02-06 17:48:32-06:00,2020-02-06 17:57:06-06:00
#156858,2018852798582,2020-02-06 17:25:23-06:00,2020-02-07 09:22:15-06:00
#156856,2018824192118,2020-02-06 17:01:37-06:00,2020-02-06 17:12:05-06:00
#156855,2018776580214,2020-02-06 16:26:57-06:00,2020-02-07 09:27:15-06:00
#156854,2018766061686,2020-02-06 16:19:49-06:00,2020-02-06 16:27:06-06:00
#156852,2018668314742,2020-02-06 15:18:07-06:00,2020-02-06 15:32:05-06:00
#156851,2018666315894,2020-02-06 15:17:00-06:00,2020-02-07 17:52:15-06:00
#156849,2018560344182,2020-02-06 14:10:41-06:00,2020-02-06 16:07:06-06:00
#156848,2018552709238,2020-02-06 14:05:44-06:00,2020-02-06 15:22:05-06:00
#156844,2018382479478,2020-02-06 12:16:36-06:00,2020-02-06 16:17:08-06:00
#156842,2018314584182,2020-02-06 11:30:56-06:00,2020-02-07 15:57:13-06:00
#156840,2018238791798,2020-02-06 10:42:21-06:00,2020-02-06 15:02:13-06:00
#156839,2018169421942,2020-02-06 10:01:38-06:00,2020-02-06 10:12:05-06:00
#156838,2018131181686,2020-02-06 09:34:42-06:00,2020-02-06 14:27:13-06:00
#156837,2018077212790,2020-02-06 08:55:12-06:00,2020-02-06 09:02:05-06:00
#156836,2017711325302,2020-02-06 02:28:46-06:00,2020-02-07 10:47:05-06:00
#156835,2017609056374,2020-02-05 23:29:10-06:00,2020-02-05 23:37:05-06:00
#156834,2017579368566,2020-02-05 22:43:12-06:00,2020-02-05 22:52:05-06:00
#156833,2017578647670,2020-02-05 22:41:40-06:00,2020-02-05 23:02:06-06:00
#156832,2017554727030,2020-02-05 22:12:36-06:00,2020-02-06 12:27:14-06:00
#156830,2017509048438,2020-02-05 21:11:23-06:00,2020-02-06 11:17:14-06:00
#156829,2017507541110,2020-02-05 21:09:35-06:00,2020-02-06 15:52:05-06:00
#156828,2017491779702,2020-02-05 20:49:38-06:00,2020-02-06 11:12:13-06:00
#156827,2017388953718,2020-02-05 18:57:07-06:00,2020-02-07 09:47:14-06:00
#156824,2017333903478,2020-02-05 17:58:44-06:00,2020-02-05 18:12:06-06:00
#156822,2017313882230,2020-02-05 17:41:35-06:00,2020-02-06 10:22:05-06:00
#156821,2017310900342,2020-02-05 17:38:09-06:00,2020-02-05 17:47:06-06:00
#156820,2017283670134,2020-02-05 17:12:48-06:00,2020-02-06 11:02:06-06:00
#156819,2017206173814,2020-02-05 16:12:23-06:00,2020-02-06 11:27:06-06:00
#156817,2017105444982,2020-02-05 15:09:26-06:00,2020-02-05 15:22:06-06:00
#156816,2017073954934,2020-02-05 14:48:48-06:00,2020-02-05 16:32:05-06:00
#156815,2017072971894,2020-02-05 14:48:06-06:00,2020-02-05 16:47:08-06:00
#156813,2017056522358,2020-02-05 14:36:54-06:00,2020-02-05 16:37:05-06:00
#156812,2017043054710,2020-02-05 14:29:23-06:00,2020-02-10 10:57:19-06:00
#156810,2016974438518,2020-02-05 13:43:46-06:00,2020-02-05 15:27:05-06:00
#156809,2016968147062,2020-02-05 13:39:44-06:00,2020-02-05 13:47:05-06:00
#156808,2016963166326,2020-02-05 13:36:31-06:00,2020-02-05 15:52:07-06:00
#156804,2016867057782,2020-02-05 12:27:50-06:00,2020-02-05 14:52:13-06:00
#156803,2016836780150,2020-02-05 12:04:55-06:00,2020-02-05 12:12:06-06:00
#156800,2016819544182,2020-02-05 11:52:36-06:00,2020-02-05 14:52:13-06:00
#156797,2016793526390,2020-02-05 11:32:06-06:00,2020-02-05 13:57:14-06:00
#156796,2016784580726,2020-02-05 11:25:38-06:00,2020-02-05 11:32:05-06:00
#156795,2016774684790,2020-02-05 11:18:17-06:00,2020-02-05 13:37:05-06:00
#156794,2016762364022,2020-02-05 11:09:15-06:00,2020-02-05 11:22:05-06:00
#156793,2016696762486,2020-02-05 10:17:41-06:00,2020-02-05 10:27:05-06:00
#156792,2016679100534,2020-02-05 10:02:55-06:00,2020-02-05 10:12:06-06:00
#156791,2016657899638,2020-02-05 09:43:28-06:00,2020-02-05 12:32:16-06:00
#156790,2016630898806,2020-02-05 09:20:30-06:00,2020-02-05 09:32:06-06:00
#156788,2016510771318,2020-02-05 07:27:36-06:00,2020-02-05 12:37:15-06:00
#156787,2016461389942,2020-02-05 06:35:21-06:00,2020-02-05 13:42:15-06:00
#156786,2016170442870,2020-02-05 00:03:32-06:00,2020-02-05 14:22:14-06:00
#156785,2016126992502,2020-02-04 22:48:36-06:00,2020-02-04 22:57:05-06:00
#156783,2016053198966,2020-02-04 21:14:11-06:00,2020-02-05 14:17:14-06:00
#156782,2016050380918,2020-02-04 21:10:26-06:00,2020-02-05 14:27:14-06:00
#156780,2016032096374,2020-02-04 20:48:08-06:00,2020-02-05 14:17:14-06:00
#156779,2016018366582,2020-02-04 20:32:23-06:00,2020-02-04 20:42:05-06:00
#156778,2016017580150,2020-02-04 20:31:53-06:00,2020-02-05 14:27:14-06:00
#156776,2016008011894,2020-02-04 20:20:46-06:00,2020-02-05 14:32:14-06:00
#156775,2016001556598,2020-02-04 20:13:14-06:00,2020-02-04 20:22:06-06:00
#156774,2015963840630,2020-02-04 19:32:01-06:00,2020-02-05 13:27:13-06:00
#156773,2015963086966,2020-02-04 19:31:08-06:00,2020-02-05 12:37:14-06:00
#156772,2015953879158,2020-02-04 19:20:48-06:00,2020-02-05 12:17:15-06:00
#156771,2015945228406,2020-02-04 19:11:23-06:00,2020-02-05 12:42:13-06:00
#156770,2015942606966,2020-02-04 19:08:36-06:00,2020-02-06 14:47:13-06:00
#156769,2015929892982,2020-02-04 18:54:39-06:00,2020-02-05 12:22:14-06:00
#156768,2015929827446,2020-02-04 18:54:37-06:00,2020-02-05 12:27:13-06:00
#156767,2015928090742,2020-02-04 18:52:25-06:00,2020-02-05 11:02:16-06:00
#156766,2015873958006,2020-02-04 17:58:52-06:00,2020-02-05 12:37:13-06:00
#156765,2015851446390,2020-02-04 17:34:45-06:00,2020-02-05 11:47:14-06:00
#156764,2015843254390,2020-02-04 17:27:28-06:00,2020-02-05 11:02:14-06:00
#156763,2015829655670,2020-02-04 17:14:35-06:00,2020-02-04 17:22:05-06:00
#156760,2015779127414,2020-02-04 16:33:22-06:00,2020-02-05 09:42:15-06:00
#156759,2015778504822,2020-02-04 16:33:01-06:00,2020-02-05 09:52:13-06:00
#156758,2015761596534,2020-02-04 16:21:01-06:00,2020-02-05 08:52:15-06:00
#156756,2015721324662,2020-02-04 15:54:28-06:00,2020-02-04 16:02:06-06:00
#156755,2015718703222,2020-02-04 15:52:42-06:00,2020-02-06 15:22:13-06:00
#156754,2015699337334,2020-02-04 15:39:20-06:00,2020-02-07 09:27:13-06:00
#156753,2015695011958,2020-02-04 15:36:14-06:00,2020-02-04 17:07:14-06:00
#156752,2015684952182,2020-02-04 15:29:38-06:00,2020-02-04 17:17:14-06:00
#156751,2015671287926,2020-02-04 15:20:43-06:00,2020-02-04 17:07:14-06:00
#156750,2015629082742,2020-02-04 14:53:06-06:00,2020-02-06 13:27:13-06:00
#156749,2015620300918,2020-02-04 14:46:57-06:00,2020-02-04 17:02:15-06:00
#156748,2015565611126,2020-02-04 14:12:18-06:00,2020-02-04 17:02:15-06:00
#156747,2015553486966,2020-02-04 14:04:27-06:00,2020-02-04 14:12:12-06:00
#156746,2015545065590,2020-02-04 13:59:51-06:00,2020-02-04 16:57:14-06:00
#156745,2015524290678,2020-02-04 13:44:57-06:00,2020-02-04 16:32:15-06:00
#156744,2015522750582,2020-02-04 13:43:47-06:00,2020-02-04 14:27:19-06:00
#156743,2015516328054,2020-02-04 13:39:18-06:00,2020-02-04 13:47:06-06:00
#156742,2015494406262,2020-02-04 13:23:18-06:00,2020-02-06 11:07:14-06:00
#156739,2015475171446,2020-02-04 13:09:44-06:00,2020-02-04 16:07:14-06:00
#156737,2015464652918,2020-02-04 13:02:42-06:00,2020-02-04 16:32:05-06:00
#156736,2015463833718,2020-02-04 13:02:01-06:00,2020-02-04 15:37:17-06:00
#156734,2015462916214,2020-02-04 13:01:27-06:00,2020-02-04 13:12:05-06:00
#156732,2015445680246,2020-02-04 12:49:17-06:00,2020-02-04 12:57:10-06:00
#156731,2015435456630,2020-02-04 12:42:03-06:00,2020-02-04 12:52:06-06:00
#156727,2015412846710,2020-02-04 12:26:13-06:00,2020-02-04 15:37:17-06:00
#156726,2015392792694,2020-02-04 12:11:21-06:00,2020-02-04 15:57:15-06:00
#156725,2015391744118,2020-02-04 12:10:47-06:00,2020-02-04 17:02:15-06:00
#156724,2015369887862,2020-02-04 11:54:59-06:00,2020-02-04 15:47:15-06:00
#156723,2015355764854,2020-02-04 11:47:14-06:00,2020-02-04 11:57:05-06:00
#156722,2015333711990,2020-02-04 11:38:32-06:00,2020-02-04 15:17:16-06:00
#156721,2015326011510,2020-02-04 11:35:47-06:00,2020-02-04 11:42:06-06:00
#156720,2015300059254,2020-02-04 11:26:08-06:00,2020-02-04 11:32:05-06:00
#156719,2015293505654,2020-02-04 11:22:35-06:00,2020-02-04 15:22:16-06:00
#156718,2015248744566,2020-02-04 10:51:46-06:00,2020-02-04 15:52:16-06:00
#156717,2015217483894,2020-02-04 10:29:20-06:00,2020-02-04 10:37:07-06:00
#156716,2015185240182,2020-02-04 10:05:35-06:00,2020-02-04 14:27:07-06:00
#156715,2015184715894,2020-02-04 10:05:11-06:00,2020-02-04 14:47:17-06:00
#156714,2015161548918,2020-02-04 09:43:48-06:00,2020-02-04 14:57:15-06:00
#156713,2015133532278,2020-02-04 09:21:43-06:00,2020-02-04 14:32:17-06:00
#156712,2015097782390,2020-02-04 08:52:04-06:00,2020-02-04 09:02:06-06:00
#156711,2015097225334,2020-02-04 08:51:33-06:00,2020-02-04 13:57:22-06:00
#156710,2015071109238,2020-02-04 08:29:19-06:00,2020-02-04 14:17:06-06:00
#156709,2014781014134,2020-02-04 02:34:14-06:00,2020-02-04 14:17:20-06:00
#156707,2014721769590,2020-02-04 01:04:27-06:00,2020-02-04 15:12:16-06:00
#156706,2014715543670,2020-02-04 00:54:30-06:00,2020-02-04 13:52:21-06:00
#156705,2014710890614,2020-02-04 00:45:36-06:00,2020-02-04 14:47:15-06:00
#156704,2014680875126,2020-02-03 23:45:52-06:00,2020-02-04 14:17:18-06:00
#156703,2014658461814,2020-02-03 23:05:56-06:00,2020-02-03 23:12:05-06:00
#156702,2014649155702,2020-02-03 22:49:47-06:00,2020-02-04 14:37:15-06:00
#156701,2014635819126,2020-02-03 22:37:48-06:00,2020-02-03 22:47:06-06:00
#156700,2014571692150,2020-02-03 21:13:54-06:00,2020-02-04 15:22:17-06:00
#156699,2014541611126,2020-02-03 20:39:59-06:00,2020-02-04 13:57:20-06:00
#156698,2014533419126,2020-02-03 20:30:42-06:00,2020-02-04 14:32:15-06:00
#156697,2014368825462,2020-02-03 17:43:34-06:00,2020-02-04 14:17:18-06:00
#156696,2014367645814,2020-02-03 17:42:26-06:00,2020-02-04 13:57:19-06:00
#156694,2014218748022,2020-02-03 15:51:03-06:00,2020-02-04 13:47:19-06:00
#156693,2014178017398,2020-02-03 15:26:52-06:00,2020-02-03 15:32:06-06:00
#156692,2014155243638,2020-02-03 15:13:55-06:00,2020-02-03 15:22:05-06:00
#156691,2014081450102,2020-02-03 14:23:56-06:00,2020-02-04 13:57:18-06:00
#156689,2014071783542,2020-02-03 14:16:14-06:00,2020-02-05 09:17:16-06:00
#156687,2014009622646,2020-02-03 13:32:04-06:00,2020-02-04 13:57:21-06:00
#156686,2013969055862,2020-02-03 13:05:21-06:00,2020-02-04 16:32:05-06:00
#156682,2013896310902,2020-02-03 12:09:58-06:00,2020-02-04 14:17:17-06:00
#156681,2013883498614,2020-02-03 12:00:08-06:00,2020-02-04 14:17:18-06:00
#156678,2013699670134,2020-02-03 10:00:45-06:00,2020-02-04 14:07:20-06:00
#156677,2013688856694,2020-02-03 09:55:49-06:00,2020-02-04 13:57:18-06:00
#156675,2013645701238,2020-02-03 09:21:02-06:00,2020-02-04 17:02:14-06:00
#156674,2013408985206,2020-02-03 05:33:21-06:00,2020-02-03 05:42:06-06:00
#156673,2013232595062,2020-02-03 02:47:38-06:00,2020-02-04 13:42:18-06:00
#156672,2013122494582,2020-02-03 00:04:38-06:00,2020-02-04 13:02:21-06:00
#156670,2013082943606,2020-02-02 23:00:03-06:00,2020-02-02 23:12:05-06:00
#156668,2013061808246,2020-02-02 22:29:51-06:00,2020-02-02 22:37:05-06:00
#156667,2013056729206,2020-02-02 22:22:55-06:00,2020-02-04 12:27:21-06:00
#156666,2013030547574,2020-02-02 21:50:30-06:00,2020-02-04 13:37:19-06:00
#156665,2013016096886,2020-02-02 21:33:11-06:00,2020-02-05 09:32:13-06:00
#156664,2013014261878,2020-02-02 21:31:36-06:00,2020-02-04 12:27:20-06:00
#156663,2012931653750,2020-02-02 19:57:59-06:00,2020-02-02 20:12:05-06:00
#156661,2012906520694,2020-02-02 19:30:26-06:00,2020-02-04 13:42:17-06:00
#156660,2012898230390,2020-02-02 19:18:08-06:00,2020-02-02 19:27:05-06:00
#156658,2012873490550,2020-02-02 18:51:08-06:00,2020-02-04 11:37:23-06:00
#156657,2012865560694,2020-02-02 18:43:45-06:00,2020-02-04 11:17:25-06:00
#156655,2012820668534,2020-02-02 17:56:38-06:00,2020-02-04 15:02:14-06:00
#156654,2012817883254,2020-02-02 17:53:25-06:00,2020-02-04 14:17:18-06:00
#156653,2012814442614,2020-02-02 17:50:27-06:00,2020-02-04 14:02:17-06:00
#156652,2012753461366,2020-02-02 16:53:08-06:00,2020-02-04 12:22:19-06:00
#156650,2012598960246,2020-02-02 15:05:15-06:00,2020-02-02 15:12:05-06:00
#156649,2012550135926,2020-02-02 14:35:07-06:00,2020-02-04 13:07:16-06:00
#156648,2012524904566,2020-02-02 14:20:39-06:00,2020-02-04 12:32:19-06:00
#156647,2012499902582,2020-02-02 14:06:19-06:00,2020-02-04 13:27:18-06:00
#156646,2012492464246,2020-02-02 14:01:37-06:00,2020-02-02 14:22:27-06:00
#156645,2012474474614,2020-02-02 13:51:31-06:00,2020-02-04 13:27:19-06:00
#156644,2012460351606,2020-02-02 13:42:24-06:00,2020-02-02 13:52:05-06:00
#156643,2012445737078,2020-02-02 13:33:29-06:00,2020-02-02 13:42:06-06:00
#156642,2012439576694,2020-02-02 13:28:59-06:00,2020-02-04 11:02:25-06:00
#156641,2012379775094,2020-02-02 12:47:18-06:00,2020-02-04 11:17:23-06:00
#156640,2012375941238,2020-02-02 12:44:53-06:00,2020-02-02 12:52:05-06:00
#156638,2012367257718,2020-02-02 12:38:31-06:00,2020-02-04 14:22:17-06:00
#156636,2012356575350,2020-02-02 12:30:11-06:00,2020-02-04 14:22:17-06:00
#156635,2012344483958,2020-02-02 12:21:45-06:00,2020-02-04 12:02:20-06:00
#156634,2012280455286,2020-02-02 11:35:04-06:00,2020-02-04 14:22:17-06:00
#156631,2012218949750,2020-02-02 10:49:58-06:00,2020-02-02 11:02:05-06:00
#156630,2012042788982,2020-02-02 08:24:11-06:00,2020-02-04 14:22:17-06:00
#156627,2011705311350,2020-02-02 00:18:35-06:00,2020-02-04 16:32:13-06:00
#156626,2011704295542,2020-02-02 00:16:08-06:00,2020-02-04 14:47:13-06:00
#156624,2011678867574,2020-02-01 23:26:40-06:00,2020-02-01 23:32:05-06:00
#156622,2011643248758,2020-02-01 22:28:38-06:00,2020-02-04 14:22:15-06:00
#156620,2011600584822,2020-02-01 21:27:03-06:00,2020-02-04 14:22:16-06:00
#156619,2011597439094,2020-02-01 21:23:30-06:00,2020-02-04 14:27:14-06:00
#156618,2011585020022,2020-02-01 21:07:48-06:00,2020-02-04 12:12:19-06:00
#156617,2011474296950,2020-02-01 18:53:10-06:00,2020-02-01 19:07:05-06:00
#156616,2011474165878,2020-02-01 18:52:58-06:00,2020-02-04 11:37:19-06:00
#156615,2011459223670,2020-02-01 18:36:15-06:00,2020-02-04 14:47:13-06:00
#156614,2011423801462,2020-02-01 17:59:03-06:00,2020-02-04 12:02:18-06:00
#156611,2011363311734,2020-02-01 17:03:11-06:00,2020-02-04 11:02:23-06:00
#156610,2011357577334,2020-02-01 16:57:18-06:00,2020-02-04 11:17:21-06:00
#156609,2011355709558,2020-02-01 16:55:43-06:00,2020-02-04 11:22:21-06:00
#156608,2011345485942,2020-02-01 16:46:33-06:00,2020-02-04 11:32:18-06:00
#156607,2011284537462,2020-02-01 15:56:33-06:00,2020-02-04 14:47:13-06:00
#156606,2011252555894,2020-02-01 15:31:37-06:00,2020-02-01 15:42:05-06:00
#156605,2011240693878,2020-02-01 15:22:31-06:00,2020-02-04 13:02:14-06:00
#156604,2011224998006,2020-02-01 15:10:56-06:00,2020-02-01 15:22:05-06:00
#156603,2011221885046,2020-02-01 15:08:40-06:00,2020-02-01 15:32:23-06:00
#156602,2011214545014,2020-02-01 15:04:03-06:00,2020-02-04 13:52:15-06:00
#156601,2011210907766,2020-02-01 15:01:37-06:00,2020-02-01 15:17:23-06:00
#156600,2011199176822,2020-02-01 14:52:38-06:00,2020-02-04 12:02:16-06:00
#156599,2011184922742,2020-02-01 14:43:17-06:00,2020-02-04 12:02:16-06:00
#156598,2011172733046,2020-02-01 14:34:45-06:00,2020-02-04 12:22:15-06:00
#156597,2011163787382,2020-02-01 14:28:04-06:00,2020-02-01 14:37:05-06:00
#156595,2011151761526,2020-02-01 14:18:40-06:00,2020-02-04 12:22:15-06:00
#156594,2011139309686,2020-02-01 14:09:44-06:00,2020-02-04 13:07:14-06:00
#156593,2011109785718,2020-02-01 13:48:29-06:00,2020-02-04 12:22:15-06:00
#156592,2011097071734,2020-02-01 13:39:30-06:00,2020-02-01 13:47:06-06:00
#156591,2011064369270,2020-02-01 13:17:25-06:00,2020-02-04 12:27:14-06:00
#156590,2011039989878,2020-02-01 13:00:43-06:00,2020-02-04 13:47:14-06:00
#156589,2011031863414,2020-02-01 12:54:35-06:00,2020-02-01 13:07:05-06:00
#156588,2011031470198,2020-02-01 12:54:14-06:00,2020-02-04 12:12:15-06:00
#156587,2011027505270,2020-02-01 12:51:56-06:00,2020-02-04 11:27:16-06:00
#156586,2011020001398,2020-02-01 12:47:16-06:00,2020-02-04 11:32:15-06:00
#156584,2011005550710,2020-02-01 12:40:11-06:00,2020-02-04 13:22:14-06:00
#156582,2010997850230,2020-02-01 12:35:47-06:00,2020-02-01 12:42:05-06:00
#156581,2010996342902,2020-02-01 12:34:39-06:00,2020-02-01 12:42:05-06:00
#156580,2010980810870,2020-02-01 12:24:50-06:00,2020-02-11 11:47:12-06:00
#156579,2010966392950,2020-02-01 12:15:18-06:00,2020-02-04 12:02:15-06:00
#156577,2010953711734,2020-02-01 12:06:59-06:00,2020-02-04 12:02:14-06:00
#156576,2010952728694,2020-02-01 12:06:13-06:00,2020-02-04 11:27:16-06:00
#156575,2010946273398,2020-02-01 12:02:26-06:00,2020-02-04 08:52:21-06:00
#156574,2010942570614,2020-02-01 12:00:04-06:00,2020-02-04 12:22:14-06:00
#156573,2010941620342,2020-02-01 11:59:34-06:00,2020-02-04 12:22:13-06:00
#156572,2010934739062,2020-02-01 11:54:38-06:00,2020-02-01 12:02:06-06:00
#156571,2010912489590,2020-02-01 11:39:42-06:00,2020-02-04 12:27:13-06:00
#156570,2010910851190,2020-02-01 11:38:41-06:00,2020-02-04 11:27:14-06:00
#156567,2010887716982,2020-02-01 11:24:00-06:00,2020-02-04 13:32:14-06:00
#156566,2010868514934,2020-02-01 11:12:29-06:00,2020-02-01 11:22:05-06:00
#156565,2010831552630,2020-02-01 10:54:00-06:00,2020-02-05 10:27:12-06:00
#156564,2010731380854,2020-02-01 09:42:28-06:00,2020-02-01 09:52:05-06:00
#156563,2010713161846,2020-02-01 09:29:24-06:00,2020-02-04 09:37:18-06:00
#156562,2010700939382,2020-02-01 09:20:33-06:00,2020-02-01 09:32:05-06:00
#156561,2010696122486,2020-02-01 09:17:15-06:00,2020-02-04 14:37:13-06:00
#156560,2010499317878,2020-02-01 06:38:19-06:00,2020-02-04 11:12:16-06:00
#156559,2010492305526,2020-02-01 06:30:58-06:00,2020-02-04 11:57:13-06:00
#156557,2010267746422,2020-02-01 02:28:59-06:00,2020-02-04 09:17:17-06:00
#156556,2010120159350,2020-01-31 23:25:18-06:00,2020-02-04 09:27:17-06:00
#156555,2010040434806,2020-01-31 21:20:11-06:00,2020-02-04 11:12:15-06:00
#156554,2010024312950,2020-01-31 20:58:30-06:00,2020-02-04 11:02:18-06:00
#156553,2010003538038,2020-01-31 20:31:46-06:00,2020-02-04 11:17:16-06:00
#156552,2009984532598,2020-01-31 20:07:09-06:00,2020-02-04 13:02:13-06:00
#156551,2009941573750,2020-01-31 19:16:00-06:00,2020-01-31 19:22:06-06:00
#156550,2009913786486,2020-01-31 18:45:23-06:00,2020-02-04 11:17:16-06:00
#156549,2009887735926,2020-01-31 18:18:39-06:00,2020-02-04 11:07:16-06:00
#156548,2009877348470,2020-01-31 18:07:21-06:00,2020-02-04 11:12:14-06:00
#156547,2009859620982,2020-01-31 17:49:46-06:00,2020-02-04 10:17:16-06:00
#156546,2009849200758,2020-01-31 17:39:30-06:00,2020-02-04 12:17:13-06:00
#156545,2009838944374,2020-01-31 17:30:12-06:00,2020-01-31 17:42:06-06:00
#156544,2009832423542,2020-01-31 17:24:40-06:00,2020-02-04 09:52:16-06:00
#156543,2009825837174,2020-01-31 17:19:07-06:00,2020-02-04 11:22:13-06:00
#156542,2009806176374,2020-01-31 17:02:05-06:00,2020-01-31 17:17:05-06:00
#156541,2009791922294,2020-01-31 16:50:24-06:00,2020-02-04 10:47:15-06:00
#156540,2009791070326,2020-01-31 16:49:41-06:00,2020-02-04 11:22:13-06:00
#156539,2009790283894,2020-01-31 16:49:00-06:00,2020-02-04 09:37:14-06:00
#156538,2009759023222,2020-01-31 16:26:10-06:00,2020-01-31 16:32:06-06:00
#156537,2009749848182,2020-01-31 16:20:39-06:00,2020-01-31 16:42:05-06:00
#156536,2009744048246,2020-01-31 16:16:22-06:00,2020-01-31 17:02:05-06:00
#156535,2009709183094,2020-01-31 15:54:03-06:00,2020-01-31 17:02:06-06:00
#156534,2009704956022,2020-01-31 15:51:53-06:00,2020-01-31 16:02:05-06:00
#156531,2009605013622,2020-01-31 14:47:47-06:00,2020-02-04 11:12:14-06:00
#156530,2009591644278,2020-01-31 14:40:15-06:00,2020-01-31 16:42:14-06:00
#156529,2009591545974,2020-01-31 14:40:12-06:00,2020-01-31 16:32:14-06:00
#156528,2009585549430,2020-01-31 14:36:34-06:00,2020-01-31 16:42:14-06:00
#156527,2009556353142,2020-01-31 14:18:46-06:00,2020-01-31 14:32:05-06:00
#156526,2009553076342,2020-01-31 14:16:47-06:00,2020-02-04 11:22:13-06:00
#156525,2009535807606,2020-01-31 14:05:19-06:00,2020-02-04 09:52:13-06:00
#156524,2009526075510,2020-01-31 13:59:01-06:00,2020-01-31 14:37:14-06:00
#156523,2009511526518,2020-01-31 13:48:38-06:00,2020-01-31 13:57:05-06:00
#156522,2009493274742,2020-01-31 13:37:21-06:00,2020-02-05 17:02:12-06:00
#156521,2009492979830,2020-01-31 13:37:09-06:00,2020-02-04 11:17:12-06:00
#156520,2009490292854,2020-01-31 13:35:24-06:00,2020-02-04 09:22:14-06:00
#156519,2009488392310,2020-01-31 13:34:05-06:00,2020-01-31 13:42:05-06:00
#156517,2009469288566,2020-01-31 13:21:15-06:00,2020-01-31 14:22:13-06:00
#156516,2009464143990,2020-01-31 13:17:20-06:00,2020-01-31 13:37:13-06:00
#156515,2009447858294,2020-01-31 13:07:31-06:00,2020-01-31 17:22:14-06:00
#156514,2009445335158,2020-01-31 13:05:53-06:00,2020-01-31 14:17:13-06:00
#156513,2009441009782,2020-01-31 13:03:00-06:00,2020-01-31 13:22:13-06:00
#156512,2009432391798,2020-01-31 12:56:58-06:00,2020-02-04 08:52:13-06:00
#156511,2009432096886,2020-01-31 12:56:47-06:00,2020-01-31 13:02:06-06:00
#156510,2009430098038,2020-01-31 12:55:32-06:00,2020-01-31 13:02:06-06:00
#156509,2009428983926,2020-01-31 12:55:00-06:00,2020-01-31 13:07:14-06:00
#156508,2009421316214,2020-01-31 12:49:51-06:00,2020-01-31 12:57:05-06:00
#156507,2009419907190,2020-01-31 12:49:00-06:00,2020-02-04 11:07:17-06:00
#156505,2009415745654,2020-01-31 12:46:22-06:00,2020-01-31 12:52:05-06:00
#156502,2009390579830,2020-01-31 12:30:50-06:00,2020-02-03 09:07:12-06:00
#156500,2009373278326,2020-01-31 12:19:29-06:00,2020-01-31 14:32:13-06:00
#156498,2009353683062,2020-01-31 12:06:38-06:00,2020-01-31 16:02:13-06:00
#156497,2009306792054,2020-01-31 11:36:10-06:00,2020-01-31 13:17:12-06:00
#156496,2009287458934,2020-01-31 11:24:17-06:00,2020-01-31 12:52:12-06:00
#156494,2009101271158,2020-01-31 09:29:09-06:00,2020-02-04 11:12:12-06:00
#156493,2009050742902,2020-01-31 08:53:28-06:00,2020-01-31 10:42:05-06:00
#156492,2008889000054,2020-01-31 06:31:46-06:00,2020-01-31 10:52:05-06:00
#156491,2008813666422,2020-01-31 05:05:54-06:00,2020-02-01 15:32:13-06:00
#156490,2008604573814,2020-01-31 00:28:32-06:00,2020-01-31 00:37:05-06:00
#156489,2008537071734,2020-01-30 22:38:21-06:00,2020-02-04 11:12:12-06:00
#156488,2008525799542,2020-01-30 22:22:38-06:00,2020-01-31 09:32:13-06:00
#156487,2008514658422,2020-01-30 22:08:22-06:00,2020-01-30 22:17:06-06:00
#156486,2008480514166,2020-01-30 21:26:17-06:00,2020-01-30 21:32:05-06:00
#156485,2008444895350,2020-01-30 20:44:09-06:00,2020-01-31 15:52:13-06:00
#156483,2008421597302,2020-01-30 20:16:25-06:00,2020-01-31 09:42:05-06:00
#156482,2008370151542,2020-01-30 19:17:04-06:00,2020-01-31 09:52:05-06:00
#156481,2008335974518,2020-01-30 18:36:08-06:00,2020-01-31 08:57:14-06:00
#156480,2008318967926,2020-01-30 18:17:25-06:00,2020-01-31 13:12:12-06:00
#156479,2008317100150,2020-01-30 18:14:53-06:00,2020-01-30 18:22:05-06:00
#156478,2008310579318,2020-01-30 18:07:18-06:00,2020-01-30 18:37:05-06:00
#156477,2008289116278,2020-01-30 17:46:44-06:00,2020-01-31 09:27:13-06:00
#156476,2008286658678,2020-01-30 17:44:23-06:00,2020-01-31 09:27:13-06:00
#156473,2008051974262,2020-01-30 14:53:27-06:00,2020-01-30 16:17:06-06:00
#156472,2008037818486,2020-01-30 14:43:28-06:00,2020-01-30 16:27:05-06:00
#156468,2007978213494,2020-01-30 14:01:38-06:00,2020-01-30 14:12:05-06:00
#156467,2007937482870,2020-01-30 13:36:32-06:00,2020-01-30 15:32:12-06:00
#156466,2007924375670,2020-01-30 13:27:30-06:00,2020-01-30 15:22:13-06:00
#156463,2007796056182,2020-01-30 11:52:14-06:00,2020-01-30 13:42:12-06:00
#156462,2007779147894,2020-01-30 11:39:25-06:00,2020-01-30 11:47:06-06:00
#156461,2007773708406,2020-01-30 11:35:06-06:00,2020-01-30 13:27:05-06:00
#156459,2007707222134,2020-01-30 10:47:21-06:00,2020-01-30 10:57:05-06:00
#156458,2007700013174,2020-01-30 10:41:23-06:00,2020-01-30 11:42:05-06:00
#156457,2007659053174,2020-01-30 10:08:50-06:00,2020-01-30 11:37:12-06:00
#156456,2007623172214,2020-01-30 09:40:13-06:00,2020-01-30 11:22:05-06:00
#156455,2007587881078,2020-01-30 09:11:33-06:00,2020-01-30 10:42:13-06:00
#156454,2007546626166,2020-01-30 08:34:57-06:00,2020-01-31 08:57:13-06:00
#156453,2007499047030,2020-01-30 07:49:46-06:00,2020-01-30 11:32:05-06:00
#156452,2007120969846,2020-01-29 23:27:59-06:00,2020-01-30 08:17:05-06:00
#156449,2007007953014,2020-01-29 20:42:21-06:00,2020-01-29 20:52:06-06:00
#156448,2006929965174,2020-01-29 19:08:11-06:00,2020-01-30 08:32:06-06:00
#156447,2006922788982,2020-01-29 18:59:51-06:00,2020-01-30 08:57:05-06:00
#156446,2006870818934,2020-01-29 18:00:28-06:00,2020-01-29 18:17:06-06:00
#156445,2006847291510,2020-01-29 17:36:41-06:00,2020-01-30 09:07:05-06:00
#156444,2006831464566,2020-01-29 17:21:19-06:00,2020-01-30 09:42:12-06:00
#156443,2006794240118,2020-01-29 16:48:18-06:00,2020-01-30 08:32:13-06:00
#156442,2006791946358,2020-01-29 16:46:51-06:00,2020-01-29 16:52:06-06:00
#156441,2006723919990,2020-01-29 15:58:36-06:00,2020-01-29 16:37:05-06:00
#156440,2006723821686,2020-01-29 15:58:31-06:00,2020-01-29 16:47:06-06:00
#156438,2006581837942,2020-01-29 14:20:01-06:00,2020-01-29 15:07:06-06:00
#156437,2006569975926,2020-01-29 14:11:14-06:00,2020-01-29 14:22:05-06:00
#156436,2006559555702,2020-01-29 14:03:19-06:00,2020-01-29 14:32:05-06:00
#156434,2006549528694,2020-01-29 13:56:29-06:00,2020-01-31 15:47:12-06:00
#156433,2006487400566,2020-01-29 13:11:07-06:00,2020-01-29 13:22:07-06:00
#156432,2006482387062,2020-01-29 13:07:49-06:00,2020-01-30 12:37:05-06:00
#156431,2006393192566,2020-01-29 12:01:37-06:00,2020-01-29 12:12:05-06:00
#156430,2006354755702,2020-01-29 11:31:37-06:00,2020-01-29 11:42:05-06:00
#156429,2006328737910,2020-01-29 11:10:31-06:00,2020-01-29 11:52:05-06:00
#156428,2006310027382,2020-01-29 10:56:02-06:00,2020-01-29 12:47:06-06:00
#156427,2006247374966,2020-01-29 10:03:22-06:00,2020-01-29 10:12:05-06:00
#156426,2006127149174,2020-01-29 08:17:18-06:00,2020-01-29 09:47:05-06:00
#156425,2006122823798,2020-01-29 08:13:13-06:00,2020-01-29 09:52:05-06:00
#156424,2005827715190,2020-01-29 02:14:47-06:00,2020-01-29 02:22:06-06:00
#156423,2005781217398,2020-01-29 01:03:40-06:00,2020-01-29 10:02:05-06:00
#156422,2005757427830,2020-01-29 00:18:30-06:00,2020-01-29 09:47:15-06:00
#156421,2005740486774,2020-01-28 23:47:32-06:00,2020-01-28 23:57:06-06:00
#156420,2005726920822,2020-01-28 23:25:57-06:00,2020-01-29 09:07:16-06:00
#156418,2005663187062,2020-01-28 21:56:02-06:00,2020-01-29 10:37:05-06:00
#156417,2005641691254,2020-01-28 21:27:36-06:00,2020-01-29 10:12:13-06:00
#156416,2005625208950,2020-01-28 21:05:59-06:00,2020-01-29 10:02:05-06:00
#156415,2005614264438,2020-01-28 20:51:26-06:00,2020-01-29 09:32:14-06:00
#156414,2005596176502,2020-01-28 20:28:45-06:00,2020-01-29 10:47:05-06:00
#156413,2005454815350,2020-01-28 17:45:14-06:00,2020-01-29 10:12:13-06:00
#156412,2005419622518,2020-01-28 17:10:37-06:00,2020-01-29 10:12:12-06:00
#156411,2005412970614,2020-01-28 17:04:15-06:00,2020-01-29 10:12:13-06:00
#156410,2005379252342,2020-01-28 16:36:03-06:00,2020-01-28 16:42:05-06:00
#156409,2005373517942,2020-01-28 16:31:38-06:00,2020-01-29 08:12:13-06:00
#156408,2005373485174,2020-01-28 16:31:38-06:00,2020-01-29 08:07:13-06:00
#156407,2005350416502,2020-01-28 16:14:47-06:00,2020-01-31 09:57:12-06:00
#156406,2005334589558,2020-01-28 16:03:06-06:00,2020-01-28 16:12:05-06:00
#156405,2005309489270,2020-01-28 15:46:17-06:00,2020-01-29 09:17:12-06:00
#156404,2005281636470,2020-01-28 15:27:05-06:00,2020-01-28 16:17:13-06:00
#156403,2005280751734,2020-01-28 15:26:29-06:00,2020-01-31 09:52:11-06:00
#156402,2005272035446,2020-01-28 15:20:14-06:00,2020-01-28 16:17:13-06:00
#156401,2005261549686,2020-01-28 15:11:57-06:00,2020-01-28 16:27:12-06:00
#156400,2005226684534,2020-01-28 14:46:47-06:00,2020-01-28 15:27:05-06:00
#156399,2005110718582,2020-01-28 13:24:36-06:00,2020-01-28 14:17:05-06:00
#156398,2005017198710,2020-01-28 12:08:41-06:00,2020-01-28 13:42:06-06:00
#156397,2004980007030,2020-01-28 11:38:29-06:00,2020-01-28 14:27:05-06:00
#156395,2004940259446,2020-01-28 11:07:16-06:00,2020-01-28 11:17:05-06:00
#156394,2004837892214,2020-01-28 09:46:49-06:00,2020-01-28 12:52:13-06:00
#156393,2004825735286,2020-01-28 09:36:40-06:00,2020-01-28 14:37:05-06:00
#156392,2004811284598,2020-01-28 09:24:02-06:00,2020-01-28 11:42:13-06:00
#156391,2004752662646,2020-01-28 08:30:31-06:00,2020-01-28 10:07:05-06:00
#156390,2004696432758,2020-01-28 07:38:44-06:00,2020-01-28 11:12:14-06:00
#156389,2004458930294,2020-01-28 02:47:19-06:00,2020-01-28 02:57:05-06:00
#156387,2004310720630,2020-01-27 23:05:38-06:00,2020-01-27 23:17:05-06:00
#156386,2004285522038,2020-01-27 22:27:18-06:00,2020-01-28 10:42:13-06:00
#156385,2004156022902,2020-01-27 19:47:06-06:00,2020-01-28 11:27:06-06:00
#156384,2004126105718,2020-01-27 19:14:01-06:00,2020-01-27 19:22:05-06:00
#156383,2004124794998,2020-01-27 19:12:45-06:00,2020-01-28 13:22:05-06:00
#156382,2004114931830,2020-01-27 19:02:06-06:00,2020-01-28 10:07:14-06:00
#156377,2004109099126,2020-01-27 18:56:02-06:00,2020-01-28 10:37:14-06:00
#156376,2004093403254,2020-01-27 18:37:10-06:00,2020-01-28 10:42:13-06:00
#156375,2004092878966,2020-01-27 18:36:47-06:00,2020-01-27 18:42:05-06:00
#156374,2004087701622,2020-01-27 18:30:50-06:00,2020-01-28 10:37:13-06:00
#156373,2004061028470,2020-01-27 18:01:37-06:00,2020-01-27 18:12:05-06:00
#156372,2004041564278,2020-01-27 17:41:13-06:00,2020-01-27 17:52:06-06:00
#156371,2004037238902,2020-01-27 17:36:27-06:00,2020-01-28 11:12:14-06:00
#156370,2004003717238,2020-01-27 17:01:51-06:00,2020-01-29 11:27:12-06:00
#156369,2003994050678,2020-01-27 16:53:29-06:00,2020-01-28 11:17:12-06:00
#156367,2003974815862,2020-01-27 16:38:09-06:00,2020-01-28 08:27:13-06:00
#156366,2003970359414,2020-01-27 16:34:26-06:00,2020-01-28 08:27:13-06:00
#156365,2003959152758,2020-01-27 16:25:15-06:00,2020-01-29 09:07:14-06:00
#156364,2003937394806,2020-01-27 16:09:06-06:00,2020-01-27 16:47:05-06:00
#156363,2003915669622,2020-01-27 15:51:05-06:00,2020-01-27 16:42:13-06:00
#156362,2003874873462,2020-01-27 15:19:44-06:00,2020-01-27 15:27:06-06:00
#156360,2003815530614,2020-01-27 14:34:36-06:00,2020-01-27 15:27:05-06:00
#156359,2003811238006,2020-01-27 14:31:31-06:00,2020-01-27 15:27:05-06:00
#156358,2003798655094,2020-01-27 14:22:35-06:00,2020-01-27 14:32:05-06:00
#156357,2003784892534,2020-01-27 14:11:41-06:00,2020-01-28 10:37:13-06:00
#156356,2003760611446,2020-01-27 13:54:54-06:00,2020-01-27 14:07:05-06:00
#156355,2003729416310,2020-01-27 13:31:38-06:00,2020-01-27 13:42:05-06:00
#156354,2003672072310,2020-01-27 12:46:56-06:00,2020-01-27 12:52:05-06:00
#156353,2003653296246,2020-01-27 12:32:54-06:00,2020-01-27 13:52:05-06:00
#156352,2003634520182,2020-01-27 12:17:17-06:00,2020-01-27 14:17:05-06:00
#156351,2003577372790,2020-01-27 11:31:38-06:00,2020-01-27 11:42:05-06:00
#156350,2003526778998,2020-01-27 10:49:26-06:00,2020-01-27 10:57:06-06:00
#156349,2003504431222,2020-01-27 10:31:37-06:00,2020-01-27 10:42:05-06:00
#156345,2003450757238,2020-01-27 09:48:13-06:00,2020-01-27 11:07:05-06:00
#156344,2003303563382,2020-01-27 07:28:49-06:00,2020-01-27 07:37:05-06:00
#156341,2003057574006,2020-01-27 01:47:06-06:00,2020-01-27 01:57:05-06:00
#156340,2003001409654,2020-01-27 00:09:25-06:00,2020-01-27 00:17:05-06:00
#156339,2002956976246,2020-01-26 22:44:15-06:00,2020-01-29 09:37:12-06:00
#156338,2002889146486,2020-01-26 21:08:47-06:00,2020-01-26 21:17:05-06:00
#156337,2002885640310,2020-01-26 21:03:34-06:00,2020-01-27 09:32:05-06:00
#156336,2002857361526,2020-01-26 20:29:49-06:00,2020-01-27 09:42:05-06:00
#156335,2002778161270,2020-01-26 18:58:54-06:00,2020-01-27 16:37:13-06:00
#156334,2002764529782,2020-01-26 18:41:43-06:00,2020-01-27 09:52:05-06:00
#156333,2002694275190,2020-01-26 17:24:15-06:00,2020-01-26 17:32:05-06:00
#156332,2002619891830,2020-01-26 16:22:56-06:00,2020-01-26 16:32:05-06:00
#156331,2002571919478,2020-01-26 15:48:05-06:00,2020-01-27 14:27:07-06:00
#156329,2002449989750,2020-01-26 14:22:14-06:00,2020-01-27 09:37:16-06:00
#156328,2002256560246,2020-01-26 12:04:35-06:00,2020-01-26 12:12:05-06:00
#156327,2002246893686,2020-01-26 11:57:08-06:00,2020-01-27 09:37:15-06:00
#156326,2002186076278,2020-01-26 11:10:47-06:00,2020-01-26 11:22:05-06:00
#156325,2002183979126,2020-01-26 11:09:05-06:00,2020-01-26 11:17:06-06:00
#156324,2002179752054,2020-01-26 11:05:32-06:00,2020-01-27 08:37:17-06:00
#156323,2002171527286,2020-01-26 10:58:56-06:00,2020-01-27 09:32:16-06:00
#156322,2002134827126,2020-01-26 10:29:46-06:00,2020-01-27 09:32:15-06:00
#156319,2001498931318,2020-01-25 20:16:32-06:00,2020-01-27 12:22:13-06:00
#156317,2001469112438,2020-01-25 19:39:12-06:00,2020-01-25 19:47:05-06:00
#156315,2001322770550,2020-01-25 16:55:16-06:00,2020-01-25 17:07:05-06:00
#156314,2001260707958,2020-01-25 16:03:46-06:00,2020-01-27 09:37:15-06:00
#156313,2001210114166,2020-01-25 15:24:32-06:00,2020-01-25 15:32:05-06:00
#156312,2001179803766,2020-01-25 15:01:23-06:00,2020-01-25 15:12:06-06:00
#156311,2001108795510,2020-01-25 14:08:21-06:00,2020-01-27 09:37:15-06:00
#156310,2000997154934,2020-01-25 12:42:23-06:00,2020-01-27 09:37:14-06:00
#156309,2000988209270,2020-01-25 12:36:43-06:00,2020-01-27 08:42:15-06:00
#156308,2000967762038,2020-01-25 12:22:31-06:00,2020-01-27 08:37:16-06:00
#156307,2000962388086,2020-01-25 12:18:19-06:00,2020-01-27 09:52:14-06:00
#156306,2000956915830,2020-01-25 12:14:09-06:00,2020-01-27 09:27:16-06:00
#156305,2000899932278,2020-01-25 11:31:33-06:00,2020-01-25 11:42:05-06:00
#156304,2000891215990,2020-01-25 11:25:42-06:00,2020-01-27 09:47:15-06:00
#156300,2000259809398,2020-01-24 22:33:34-06:00,2020-01-24 22:42:05-06:00
#156299,2000258367606,2020-01-24 22:31:37-06:00,2020-01-24 22:52:06-06:00
#156298,2000213540982,2020-01-24 21:22:13-06:00,2020-01-24 21:32:05-06:00
#156297,2000200794230,2020-01-24 21:04:06-06:00,2020-01-27 09:57:14-06:00
#156296,2000125067382,2020-01-24 19:26:31-06:00,2020-01-27 09:47:15-06:00
#156295,2000121954422,2020-01-24 19:22:45-06:00,2020-01-24 19:32:06-06:00
#156294,2000087089270,2020-01-24 18:44:22-06:00,2020-01-24 18:52:05-06:00
#156293,2000030990454,2020-01-24 17:45:06-06:00,2020-01-24 17:52:05-06:00
#156292,2000013820022,2020-01-24 17:27:43-06:00,2020-01-27 09:52:14-06:00
#156290,1999831203958,2020-01-24 14:58:16-06:00,2020-01-24 15:52:06-06:00
#156289,1999781658742,2020-01-24 14:22:00-06:00,2020-01-24 16:07:06-06:00
#156286,1999742795894,2020-01-24 13:51:48-06:00,2020-01-24 15:32:15-06:00
#156285,1999703670902,2020-01-24 13:21:36-06:00,2020-01-24 16:17:05-06:00
#156284,1999689351286,2020-01-24 13:10:17-06:00,2020-01-24 14:47:16-06:00
#156281,1999634563190,2020-01-24 12:30:51-06:00,2020-01-24 12:42:05-06:00
#156280,1999623290998,2020-01-24 12:22:42-06:00,2020-01-24 15:12:16-06:00
#156279,1999592587382,2020-01-24 12:00:21-06:00,2020-01-24 14:47:16-06:00
#156278,1999589343350,2020-01-24 11:57:48-06:00,2020-01-24 12:32:18-06:00
#156276,1999578890358,2020-01-24 11:50:11-06:00,2020-01-24 12:27:20-06:00
#156275,1999545860214,2020-01-24 11:27:11-06:00,2020-01-24 15:02:15-06:00
#156274,1999530983542,2020-01-24 11:17:38-06:00,2020-01-24 12:17:20-06:00
#156273,1999526035574,2020-01-24 11:14:25-06:00,2020-01-24 11:22:06-06:00
#156272,1999517548662,2020-01-24 11:08:37-06:00,2020-01-24 15:07:15-06:00
#156271,1999504474230,2020-01-24 11:00:43-06:00,2020-01-24 14:57:15-06:00
#156270,1999502016630,2020-01-24 10:58:54-06:00,2020-01-24 14:52:15-06:00
#156269,1999438839926,2020-01-24 10:12:34-06:00,2020-01-24 11:32:31-06:00
#156268,1998855405686,2020-01-23 22:26:16-06:00,2020-01-24 08:32:05-06:00
#156266,1998705655926,2020-01-23 19:33:36-06:00,2020-01-24 08:32:06-06:00
#156263,1998671970422,2020-01-23 18:56:59-06:00,2020-01-24 08:32:37-06:00
#156262,1998654898294,2020-01-23 18:38:17-06:00,2020-01-23 18:47:05-06:00
#156261,1998629077110,2020-01-23 18:10:18-06:00,2020-01-24 08:42:06-06:00
#156260,1998527398006,2020-01-23 16:34:03-06:00,2020-01-24 08:17:36-06:00
#156259,1998506852470,2020-01-23 16:17:58-06:00,2020-01-24 07:57:37-06:00
#156256,1998367850614,2020-01-23 14:37:12-06:00,2020-01-23 15:52:05-06:00
#156255,1998349598838,2020-01-23 14:23:34-06:00,2020-01-23 14:32:05-06:00
#156254,1998335148150,2020-01-23 14:12:21-06:00,2020-01-23 14:22:06-06:00
#156253,1998333476982,2020-01-23 14:11:14-06:00,2020-01-23 15:52:05-06:00
#156252,1998318010486,2020-01-23 13:59:43-06:00,2020-01-23 16:02:05-06:00
#156251,1998308802678,2020-01-23 13:53:33-06:00,2020-01-23 14:12:37-06:00
#156249,1998255554678,2020-01-23 13:10:54-06:00,2020-01-23 14:12:36-06:00
#156248,1998240940150,2020-01-23 12:59:58-06:00,2020-01-23 13:17:05-06:00
#156246,1998216691830,2020-01-23 12:42:21-06:00,2020-01-23 14:02:37-06:00
#156245,1998211317878,2020-01-23 12:38:18-06:00,2020-01-23 13:52:05-06:00
#156243,1998130577526,2020-01-23 11:35:54-06:00,2020-01-23 12:22:06-06:00
#156241,1998007566454,2020-01-23 10:10:20-06:00,2020-01-23 10:32:07-06:00
#156238,1997931511926,2020-01-23 09:09:14-06:00,2020-01-23 09:17:06-06:00
#156237,1997691420790,2020-01-23 05:43:37-06:00,2020-01-23 12:32:05-06:00
#156235,1997359186038,2020-01-22 21:17:00-06:00,2020-01-23 09:27:05-06:00
#156234,1997344702582,2020-01-22 21:00:13-06:00,2020-01-23 12:02:37-06:00
#156232,1997288243318,2020-01-22 19:51:10-06:00,2020-01-23 11:57:37-06:00
#156231,1997238042742,2020-01-22 18:49:17-06:00,2020-01-22 18:57:05-06:00
#156230,1997202554998,2020-01-22 18:06:16-06:00,2020-01-23 10:32:07-06:00
#156228,1997155172470,2020-01-22 17:18:37-06:00,2020-01-23 09:07:38-06:00
#156227,1997154943094,2020-01-22 17:18:27-06:00,2020-01-23 12:07:37-06:00
#156226,1997146587254,2020-01-22 17:10:29-06:00,2020-01-23 11:52:37-06:00
#156225,1997131677814,2020-01-22 16:55:24-06:00,2020-01-23 12:17:36-06:00
#156224,1997119946870,2020-01-22 16:46:25-06:00,2020-01-24 12:02:24-06:00
#156223,1997113688182,2020-01-22 16:41:32-06:00,2020-01-23 12:02:36-06:00
#156221,1997099139190,2020-01-22 16:29:56-06:00,2020-01-22 16:47:37-06:00
#156220,1997061685366,2020-01-22 16:01:37-06:00,2020-01-22 16:12:06-06:00
#156219,1997039665270,2020-01-22 15:45:10-06:00,2020-01-22 16:47:37-06:00
#156218,1996975964278,2020-01-22 14:56:32-06:00,2020-01-22 16:47:37-06:00
#156216,1996905775222,2020-01-22 14:07:11-06:00,2020-01-27 10:32:14-06:00
#156215,1996897779830,2020-01-22 14:00:32-06:00,2020-01-22 15:17:37-06:00
#156214,1996887294070,2020-01-22 13:53:02-06:00,2020-01-22 15:27:05-06:00
#156213,1996812189814,2020-01-22 12:54:50-06:00,2020-01-23 11:07:38-06:00
#156212,1996786270326,2020-01-22 12:35:08-06:00,2020-01-23 17:07:37-06:00
#156211,1996777160822,2020-01-22 12:27:57-06:00,2020-01-22 13:37:06-06:00
#156209,1996717949046,2020-01-22 11:37:28-06:00,2020-01-22 11:52:07-06:00
#156206,1996695502966,2020-01-22 11:19:44-06:00,2020-01-22 13:47:05-06:00
#156204,1996655722614,2020-01-22 10:46:59-06:00,2020-01-22 13:17:06-06:00
#156203,1996651757686,2020-01-22 10:43:56-06:00,2020-01-22 13:57:06-06:00
#156202,1996649365622,2020-01-22 10:42:25-06:00,2020-01-22 11:32:38-06:00
#156201,1996598116470,2020-01-22 09:58:36-06:00,2020-01-22 10:07:06-06:00
#156200,1996498567286,2020-01-22 08:25:23-06:00,2020-01-22 11:22:39-06:00
#156199,1996243763318,2020-01-22 02:25:47-06:00,2020-01-22 11:27:39-06:00
#156198,1996161450102,2020-01-22 00:01:59-06:00,2020-01-27 08:42:14-06:00
#156197,1996141396086,2020-01-21 23:25:08-06:00,2020-01-21 23:32:06-06:00
#156196,1996106891382,2020-01-21 22:37:15-06:00,2020-01-22 11:27:39-06:00
#156195,1996092866678,2020-01-21 22:15:58-06:00,2020-01-22 11:32:38-06:00
#156194,1996091523190,2020-01-21 22:14:15-06:00,2020-01-27 10:02:13-06:00
#156192,1996007833718,2020-01-21 20:22:58-06:00,2020-01-22 11:27:39-06:00
#156191,1995968675958,2020-01-21 19:39:28-06:00,2020-01-22 11:32:37-06:00
#156190,1995935350902,2020-01-21 19:00:27-06:00,2020-01-22 11:27:40-06:00
#156189,1995882922102,2020-01-21 18:00:09-06:00,2020-01-22 16:17:36-06:00
#156187,1995818008694,2020-01-21 16:59:14-06:00,2020-01-22 11:57:37-06:00
#156186,1995781177462,2020-01-21 16:30:48-06:00,2020-01-22 11:27:38-06:00
#156185,1995779375222,2020-01-21 16:29:24-06:00,2020-01-22 11:52:36-06:00
#156184,1995771805814,2020-01-21 16:23:22-06:00,2020-01-22 11:32:37-06:00
#156183,1995701125238,2020-01-21 15:32:24-06:00,2020-01-21 16:42:09-06:00
#156182,1995683856502,2020-01-21 15:20:09-06:00,2020-01-21 19:12:38-06:00
#156181,1995651121270,2020-01-21 14:57:22-06:00,2020-01-23 12:07:36-06:00
#156180,1995632181366,2020-01-21 14:46:43-06:00,2020-01-21 18:57:38-06:00
#156178,1995571855478,2020-01-21 14:08:52-06:00,2020-01-22 08:22:37-06:00
#156177,1995563991158,2020-01-21 14:03:16-06:00,2020-01-21 16:12:06-06:00
#156176,1995549999222,2020-01-21 13:53:00-06:00,2020-01-21 16:12:07-06:00
#156175,1995549376630,2020-01-21 13:52:36-06:00,2020-01-21 19:22:37-06:00
#156174,1995521196150,2020-01-21 13:31:37-06:00,2020-01-21 18:57:38-06:00
#156173,1995520376950,2020-01-21 13:31:03-06:00,2020-01-21 17:32:38-06:00
#156172,1995518640246,2020-01-21 13:29:52-06:00,2020-01-21 17:12:39-06:00
#156171,1995477319798,2020-01-21 12:57:24-06:00,2020-01-21 19:22:37-06:00
#156170,1995460640886,2020-01-21 12:44:15-06:00,2020-01-21 17:12:39-06:00
#156168,1995393499254,2020-01-21 11:52:52-06:00,2020-01-21 12:12:10-06:00
