id,created_at,name
2039934713974,2020-02-20 11:31:46-06:00,#157445
2039903715446,2020-02-20 11:08:09-06:00,#157443
2039849287798,2020-02-20 10:25:37-06:00,#157442
2039804723318,2020-02-20 09:49:23-06:00,#157440
2039261855862,2020-02-19 23:17:00-06:00,#157438
2039248224374,2020-02-19 22:52:06-06:00,#157437
2039222534262,2020-02-19 22:14:13-06:00,#157436
2039188619382,2020-02-19 21:26:17-06:00,#157434
2039166795894,2020-02-19 20:59:07-06:00,#157433
2039166599286,2020-02-19 20:58:56-06:00,#157432
2039144218742,2020-02-19 20:31:34-06:00,#157431
2039141531766,2020-02-19 20:28:10-06:00,#157430
2039125606518,2020-02-19 20:10:14-06:00,#157429
2039117774966,2020-02-19 20:01:37-06:00,#157428
2039104864374,2020-02-19 19:48:24-06:00,#157427
2039054401654,2020-02-19 18:48:27-06:00,#157426
2039031496822,2020-02-19 18:21:39-06:00,#157425
2038958129270,2020-02-19 17:12:22-06:00,#157423
2038909927542,2020-02-19 16:33:40-06:00,#157421
2038850158710,2020-02-19 15:52:29-06:00,#157420
2038609674358,2020-02-19 13:01:38-06:00,#157407
2037806825590,2020-02-18 21:23:11-06:00,#157388
2037802106998,2020-02-18 21:16:56-06:00,#157387
2037585838198,2020-02-18 17:20:54-06:00,#157375
2030297186422,2020-02-13 11:24:10-06:00,#157177
2027701469302,2020-02-11 14:01:13-06:00,#157082
2026219143286,2020-02-10 14:00:37-06:00,#157023
2025198780534,2020-02-09 21:57:24-06:00,#156999
2022291275894,2020-02-08 11:08:47-06:00,#156942
2020261494902,2020-02-07 16:00:17-06:00,#156910
2017355202678,2020-02-05 18:20:15-06:00,#156826
2016554221686,2020-02-05 08:12:48-06:00,#156789
2015455608950,2020-02-04 12:56:14-06:00,#156733
2013072162934,2020-02-02 22:45:34-06:00,#156669
2012862349430,2020-02-02 18:39:59-06:00,#156656
2012654108790,2020-02-02 15:42:17-06:00,#156651
2012253716598,2020-02-02 11:16:22-06:00,#156633
2009619497078,2020-01-31 14:57:00-06:00,#156533
2008025628790,2020-01-30 14:34:16-06:00,#156471
2007847796854,2020-01-30 12:32:35-06:00,#156464
2002468208758,2020-01-26 14:33:57-06:00,#156330
1997425049718,2020-01-22 22:52:06-06:00,#156236
1995443732598,2020-01-21 12:31:28-06:00,#156169
